"Respondent","Cognitive","Affective","Conative","Typology"
1,-0.487,0.021,-0.554,"Conative-Deficit"
2,-0.862,-1.157,-0.827,"Affective-Friction"
3,0.069,-0.181,-0.581,"Cognitive-Dominant"
4,0.274,-0.024,-0.225,"Cognitive-Dominant"
5,-0.363,-0.041,-0.539,"Conative-Deficit"
6,0.278,0.293,0.344,"Balanced-Tripartite"
7,-0.844,-0.157,-0.395,"Undifferentiated"
8,0.125,0.235,-0.08,"Conative-Deficit"
9,-0.524,0.461,0.695,"Undifferentiated"
10,-0.081,-0.392,0.099,"Affective-Friction"
11,0.943,0.599,1.348,"Affective-Friction"
12,-0.122,-0.017,-0.615,"Conative-Deficit"
13,0.416,0.058,0.871,"Affective-Friction"
14,-0.283,0.135,0.961,"Undifferentiated"
15,-0.206,0.049,-0.231,"Balanced-Tripartite"
16,0.873,0.969,-0.26,"Conative-Deficit"
17,0.213,0.151,0.426,"Balanced-Tripartite"
18,-0.76,0.458,-0.089,"Undifferentiated"
19,1.151,0.815,0.147,"Cognitive-Dominant"
20,-0.035,-0.054,0.08,"Balanced-Tripartite"
21,0.055,1.134,0.612,"Undifferentiated"
22,0.829,-0.141,0.696,"Cognitive-Dominant"
23,0.364,-0.385,-0.124,"Cognitive-Dominant"
24,0.03,-0.133,-0.166,"Balanced-Tripartite"
25,-1.091,-0.265,-0.365,"Undifferentiated"
26,0.356,0.542,0.1,"Conative-Deficit"
27,0.058,0.151,0.151,"Balanced-Tripartite"
28,-0.326,-0.375,-0.821,"Cognitive-Dominant"
29,-0.102,-0.502,-0.233,"Cognitive-Dominant"
30,-0.88,-0.187,-0.465,"Undifferentiated"
31,-0.188,0.245,0.125,"Undifferentiated"
32,-0.089,-1.023,-0.057,"Affective-Friction"
33,-0.159,0.819,1.05,"Undifferentiated"
34,-0.757,-0.267,-0.465,"Undifferentiated"
35,0.156,0.733,0.845,"Undifferentiated"
36,0.722,0.265,0.318,"Cognitive-Dominant"
37,-0.141,-0.499,-0.447,"Cognitive-Dominant"
38,0.355,0.578,-0.023,"Conative-Deficit"
39,0.336,-0.044,0.09,"Cognitive-Dominant"
40,-0.5,0.164,-0.435,"Undifferentiated"
41,0.156,-0.851,-0.545,"Cognitive-Dominant"
42,-0.18,0.085,-0.265,"Conative-Deficit"
43,1.011,0.031,0.061,"Cognitive-Dominant"
44,-1.111,-1.13,-0.377,"Affective-Friction"
45,-0.755,-0.688,0.034,"Undifferentiated"
46,0.011,0.673,0.835,"Undifferentiated"
47,-0.007,0.25,0.045,"Balanced-Tripartite"
48,0.651,0.12,0.892,"Affective-Friction"
49,-0.752,-0.345,-0.226,"Undifferentiated"
50,0.185,-0.218,-0.968,"Cognitive-Dominant"
51,-0.523,-0.502,-0.545,"Balanced-Tripartite"
52,-0.52,0.008,0.168,"Undifferentiated"
53,0.222,0.292,0.829,"Undifferentiated"
54,-0.37,-0.878,0.087,"Affective-Friction"
55,-0.328,-0.366,0.322,"Affective-Friction"
56,0.164,0.144,0.058,"Balanced-Tripartite"
57,0.566,0.52,0.668,"Balanced-Tripartite"
58,-0.333,0.163,0.59,"Undifferentiated"
59,0.519,0.146,0.114,"Cognitive-Dominant"
60,0.184,-0.422,-0.047,"Cognitive-Dominant"
61,0.267,-0.548,-0.137,"Cognitive-Dominant"
62,-0.341,-0.156,-0.546,"Conative-Deficit"
63,0.683,-0.463,0.088,"Cognitive-Dominant"
64,-0.594,-0.201,0.069,"Undifferentiated"
65,-0.963,-0.024,-0.489,"Undifferentiated"
66,-0.317,-1.017,-0.017,"Affective-Friction"
67,-0.828,-0.528,-0.267,"Undifferentiated"
68,-0.766,-0.782,0.212,"Affective-Friction"
69,0.896,0.467,0.335,"Cognitive-Dominant"
70,-0.013,0.207,-0.126,"Conative-Deficit"
71,-0.428,-0.723,-0.119,"Affective-Friction"
72,0.16,0.555,0.406,"Undifferentiated"
73,0.089,0.3,0.506,"Undifferentiated"
74,-0.245,-0.403,-0.548,"Cognitive-Dominant"
75,0.52,0.94,0.504,"Conative-Deficit"
76,1.203,0.151,0.015,"Cognitive-Dominant"
77,-0.03,0.366,0.257,"Undifferentiated"
78,-0.651,0.078,-0.927,"Conative-Deficit"
79,0.29,0.263,-0.332,"Cognitive-Dominant"
80,-0.39,0.254,-0.216,"Undifferentiated"
81,0.584,-0.274,0.423,"Cognitive-Dominant"
82,0.346,-0.034,0.172,"Cognitive-Dominant"
83,0.379,0.33,0.688,"Affective-Friction"
84,0.289,0.221,0.315,"Balanced-Tripartite"
85,-0.216,-0.206,-0.746,"Conative-Deficit"
86,-0.006,0.605,0.476,"Undifferentiated"
87,-0.486,-0.403,-0.069,"Undifferentiated"
88,-0.215,-0.443,-0.6,"Cognitive-Dominant"
89,-0.186,-0.109,0.687,"Undifferentiated"
90,-0.165,0.368,0.092,"Undifferentiated"
91,0.158,0.129,-0.291,"Cognitive-Dominant"
92,0.983,0.344,0.906,"Cognitive-Dominant"
93,-0.522,-0.424,-0.386,"Balanced-Tripartite"
94,-0.041,0.194,-0.459,"Conative-Deficit"
95,-0.611,0,-0.457,"Undifferentiated"
96,-0.945,-0.283,-0.936,"Undifferentiated"
97,-0.052,0.065,1.003,"Undifferentiated"
98,0.31,0.877,0.629,"Undifferentiated"
99,-0.167,-0.073,-0.379,"Conative-Deficit"
100,-0.1,-0.651,-0.194,"Cognitive-Dominant"
101,-0.958,0.399,-0.017,"Undifferentiated"
102,-0.198,0.121,0.352,"Undifferentiated"
103,0.678,-0.509,-0.075,"Cognitive-Dominant"
104,-0.68,-1.07,-0.358,"Affective-Friction"
105,-0.779,-0.328,-0.014,"Undifferentiated"
106,0.357,-0.066,0.217,"Cognitive-Dominant"
107,0.321,-0.193,-0.584,"Cognitive-Dominant"
108,0.364,-0.253,-0.264,"Cognitive-Dominant"
109,-0.21,-0.153,0.224,"Undifferentiated"
110,0.97,0.135,-0.227,"Cognitive-Dominant"
111,0.526,0.321,0.137,"Cognitive-Dominant"
112,-0.411,0.179,-0.079,"Undifferentiated"
113,-0.359,0.002,-0.091,"Undifferentiated"
114,-0.126,0.018,-0.308,"Conative-Deficit"
115,0.602,0.081,-0.709,"Cognitive-Dominant"
116,0.629,0.037,0.496,"Cognitive-Dominant"
117,-0.35,0.652,1.136,"Undifferentiated"
118,1.543,0.371,1.112,"Cognitive-Dominant"
119,1.185,0.358,0.29,"Cognitive-Dominant"
120,-0.362,-0.172,-0.217,"Balanced-Tripartite"
121,-0.07,0.141,0,"Balanced-Tripartite"
122,-0.47,-0.209,-0.401,"Balanced-Tripartite"
123,1.524,0.678,0.565,"Cognitive-Dominant"
124,-0.935,-0.295,-0.918,"Undifferentiated"
125,0.21,0.858,0.421,"Undifferentiated"
126,0.139,0.327,0.82,"Undifferentiated"
127,0.288,-0.331,0.646,"Affective-Friction"
128,-0.091,0.209,-0.283,"Conative-Deficit"
129,0.789,1.149,0.397,"Conative-Deficit"
130,0.297,0.528,0.413,"Balanced-Tripartite"
131,0.204,0.66,0.89,"Undifferentiated"
132,0.019,0.658,0.091,"Undifferentiated"
133,-0.346,-0.185,-0.056,"Balanced-Tripartite"
134,-0.095,0.063,-0.026,"Balanced-Tripartite"
135,0.093,-0.113,-0.741,"Cognitive-Dominant"
136,-0.108,0.268,-0.203,"Conative-Deficit"
137,-0.12,0.563,0.545,"Undifferentiated"
138,0.445,0.333,-0.207,"Cognitive-Dominant"
139,-0.612,-0.116,-0.126,"Undifferentiated"
140,-0.805,0.343,-0.338,"Undifferentiated"
141,-0.218,0.242,0.037,"Undifferentiated"
142,-0.469,-0.179,-0.151,"Undifferentiated"
143,-0.121,-0.18,-0.045,"Balanced-Tripartite"
144,0.022,0.067,-0.51,"Conative-Deficit"
145,0.779,0.651,0.136,"Cognitive-Dominant"
146,0.054,0.313,0.014,"Balanced-Tripartite"
147,0.103,0.479,-0.144,"Conative-Deficit"
148,0.239,0.19,0.004,"Balanced-Tripartite"
149,-0.614,0.372,0.368,"Undifferentiated"
150,1.519,0.383,0.818,"Cognitive-Dominant"
151,0.081,-0.254,0.186,"Affective-Friction"
152,-0.247,-0.275,0.351,"Affective-Friction"
153,0.729,0.699,0.292,"Cognitive-Dominant"
154,-0.094,0.082,-0.08,"Balanced-Tripartite"
155,-0.6,-0.725,-0.438,"Balanced-Tripartite"
156,-0.78,-0.424,-0.153,"Undifferentiated"
157,-0.129,0.182,0.123,"Undifferentiated"
158,0.524,-0.007,-0.183,"Cognitive-Dominant"
159,0.403,0.459,0.442,"Balanced-Tripartite"
160,-0.682,-0.273,-0.044,"Undifferentiated"
161,0.254,0.076,0.827,"Affective-Friction"
162,0.193,0.701,0.714,"Undifferentiated"
163,-0.049,0.169,-0.755,"Conative-Deficit"
164,-0.116,-0.196,-0.528,"Cognitive-Dominant"
165,-0.388,0.197,-0.195,"Undifferentiated"
166,-1.155,-0.296,-1.158,"Conative-Deficit"
167,-0.262,0.086,-0.167,"Undifferentiated"
168,-0.278,-0.428,-0.555,"Balanced-Tripartite"
169,-0.901,-0.278,-0.046,"Undifferentiated"
170,-0.48,0.196,0.137,"Undifferentiated"
171,-0.712,0.059,-0.459,"Undifferentiated"
172,-0.578,-0.212,-0.567,"Undifferentiated"
173,-0.762,-0.218,0.217,"Undifferentiated"
174,-0.172,-0.287,-0.42,"Balanced-Tripartite"
175,0.538,0.148,0.555,"Affective-Friction"
176,-0.855,-0.321,-0.484,"Undifferentiated"
177,0.093,0.652,0.705,"Undifferentiated"
178,0.723,0.751,0.068,"Conative-Deficit"
179,0.583,0.482,-0.026,"Cognitive-Dominant"
180,-0.799,-0.511,-1.061,"Conative-Deficit"
181,-0.138,-0.198,-0.939,"Cognitive-Dominant"
182,0.47,0.937,0.161,"Conative-Deficit"
183,0.294,-0.395,-0.3,"Cognitive-Dominant"
184,1.024,0.152,0.936,"Cognitive-Dominant"
185,0.547,-0.424,-0.154,"Cognitive-Dominant"
186,0.7,-0.11,-0.229,"Cognitive-Dominant"
187,0.223,0.423,0.932,"Undifferentiated"
188,0.027,0.423,-0.004,"Conative-Deficit"
189,-0.64,-0.222,-0.357,"Undifferentiated"
190,0.214,-0.051,0.422,"Affective-Friction"
191,-0.305,-0.658,-0.469,"Cognitive-Dominant"
192,-0.332,-0.119,-0.395,"Balanced-Tripartite"
193,1.196,-0.266,-0.015,"Cognitive-Dominant"
194,-1.402,-0.856,-1.193,"Undifferentiated"
195,0.007,-0.035,-0.423,"Cognitive-Dominant"
196,-0.152,0.614,0.152,"Undifferentiated"
197,-0.85,-0.234,-0.581,"Undifferentiated"
198,-0.994,-0.122,-0.175,"Undifferentiated"
199,-0.375,0.051,-0.015,"Undifferentiated"
200,0.091,0.768,0.307,"Undifferentiated"
201,0.4,0.13,0.24,"Balanced-Tripartite"
202,-0.029,-0.326,0.019,"Affective-Friction"
203,0.608,0.077,-0.09,"Cognitive-Dominant"
204,-0.608,-0.132,-0.546,"Undifferentiated"
205,0.071,0.303,-0.044,"Conative-Deficit"
206,-0.059,0.054,0.614,"Undifferentiated"
207,0.744,0.229,-0.049,"Cognitive-Dominant"
208,-0.15,-0.284,-0.56,"Cognitive-Dominant"
209,1.539,0.699,0.718,"Cognitive-Dominant"
210,0.2,0.203,0.393,"Balanced-Tripartite"
211,0.089,0.357,0.239,"Balanced-Tripartite"
212,0.342,-0.094,-0.148,"Cognitive-Dominant"
213,-0.984,-0.515,-1.134,"Conative-Deficit"
214,-0.027,0.445,-0.055,"Conative-Deficit"
215,0.077,0.195,0.578,"Undifferentiated"
216,0.358,-0.639,-0.353,"Cognitive-Dominant"
217,0.08,0.335,0.151,"Balanced-Tripartite"
218,-0.029,-0.775,-0.181,"Cognitive-Dominant"
219,-0.988,-0.439,-0.962,"Undifferentiated"
220,0.871,0.384,0.449,"Cognitive-Dominant"
221,0.674,0.367,0.022,"Cognitive-Dominant"
222,1.107,0.662,-0.257,"Cognitive-Dominant"
223,-0.231,0.037,0.364,"Undifferentiated"
224,0.484,-0.23,0.018,"Cognitive-Dominant"
225,0.321,0.551,0.468,"Balanced-Tripartite"
226,0.518,0.41,0.121,"Cognitive-Dominant"
227,0.115,0.038,-0.129,"Balanced-Tripartite"
228,0.177,0.156,0.597,"Affective-Friction"
229,-0.463,-0.904,-0.145,"Affective-Friction"
230,0.082,-0.137,0.06,"Balanced-Tripartite"
231,-0.032,0.499,0.456,"Undifferentiated"
232,0.132,-0.528,-0.249,"Cognitive-Dominant"
233,0.817,0.085,0.623,"Cognitive-Dominant"
234,0.095,-0.297,0.579,"Affective-Friction"
235,0.448,0.263,0.24,"Balanced-Tripartite"
236,0.04,0.117,-0.196,"Conative-Deficit"
237,0.205,-0.31,-0.307,"Cognitive-Dominant"
238,-1.087,-0.895,-1.196,"Conative-Deficit"
239,-0.886,-0.248,0.161,"Undifferentiated"
240,-0.868,-0.182,-0.34,"Undifferentiated"
241,-0.422,-0.474,-0.368,"Balanced-Tripartite"
242,-0.152,0.112,0.847,"Undifferentiated"
243,0.252,-0.394,-0.483,"Cognitive-Dominant"
244,-0.664,-0.603,0.467,"Undifferentiated"
245,0.273,-0.318,-0.501,"Cognitive-Dominant"
246,-1.11,-0.341,-0.246,"Undifferentiated"
247,-1.008,-0.102,0.015,"Undifferentiated"
248,-0.686,-0.583,0.095,"Undifferentiated"
249,-0.855,0.729,0.231,"Undifferentiated"
250,-0.576,-0.34,-0.346,"Balanced-Tripartite"
251,-0.142,-0.003,-0.019,"Balanced-Tripartite"
252,-0.674,0.657,0.437,"Undifferentiated"
253,-0.388,-0.415,0.259,"Affective-Friction"
254,0.1,-0.303,0.094,"Cognitive-Dominant"
255,-0.312,-0.171,0.037,"Undifferentiated"
256,0.202,-0.148,-0.384,"Cognitive-Dominant"
257,1.408,-0.068,-0.11,"Cognitive-Dominant"
258,-0.275,-0.169,0.429,"Undifferentiated"
259,-0.115,0.608,0.135,"Undifferentiated"
260,0.188,-0.07,0.348,"Affective-Friction"
261,0.421,0.691,-0.173,"Conative-Deficit"
262,-0.016,-0.348,-0.599,"Cognitive-Dominant"
263,-0.102,0.438,0.591,"Undifferentiated"
264,0.407,0.613,0.269,"Conative-Deficit"
265,-0.429,0.214,-0.125,"Undifferentiated"
266,0.163,0.09,0.124,"Balanced-Tripartite"
267,0.658,-0.617,-0.637,"Cognitive-Dominant"
268,0.14,0.109,-0.357,"Cognitive-Dominant"
269,0.8,-0.147,0.64,"Cognitive-Dominant"
270,0.057,-0.041,-0.268,"Cognitive-Dominant"
271,0.529,-1.027,-0.214,"Cognitive-Dominant"
272,-0.029,-0.498,-0.76,"Cognitive-Dominant"
273,-0.471,-0.952,-0.834,"Cognitive-Dominant"
274,0.59,0.483,0.435,"Balanced-Tripartite"
275,0.097,-0.174,0.155,"Affective-Friction"
276,-1.143,-1.175,-1.047,"Balanced-Tripartite"
277,0.733,0.246,0.218,"Cognitive-Dominant"
278,-0.164,-0.317,-0.888,"Cognitive-Dominant"
279,-0.319,0.385,-0.284,"Undifferentiated"
280,0.285,-0.044,0.384,"Affective-Friction"
281,0.197,-0.151,0.044,"Cognitive-Dominant"
282,0.233,0.123,-0.358,"Cognitive-Dominant"
283,-0.171,0.129,0.197,"Undifferentiated"
284,0.542,-0.232,-0.711,"Cognitive-Dominant"
285,0.958,0.624,0.646,"Cognitive-Dominant"
286,-0.21,-0.474,0.023,"Affective-Friction"
287,0.03,0.341,0.671,"Undifferentiated"
288,-1.147,-0.249,-0.224,"Undifferentiated"
289,-0.215,0.201,0.768,"Undifferentiated"
290,0.572,0.041,0.524,"Cognitive-Dominant"
291,-0.103,0.177,0.301,"Undifferentiated"
292,0.271,0.392,-0.448,"Conative-Deficit"
293,0.006,0.379,0.891,"Undifferentiated"
294,-0.806,-0.441,-0.394,"Undifferentiated"
295,-0.96,-0.774,-0.545,"Undifferentiated"
296,0.355,-0.127,0.432,"Affective-Friction"
297,-0.339,0.246,-0.505,"Conative-Deficit"
298,-0.566,-0.273,-0.399,"Balanced-Tripartite"
299,0.396,0.63,0.434,"Balanced-Tripartite"
300,-0.021,0.002,-0.013,"Balanced-Tripartite"
301,-0.388,-0.046,-0.164,"Undifferentiated"
302,0.212,0.251,-0.485,"Conative-Deficit"
303,0.44,-0.588,0.241,"Cognitive-Dominant"
304,0.12,0.026,-0.111,"Balanced-Tripartite"
305,-0.079,0.344,-0.14,"Conative-Deficit"
306,-0.429,-0.224,-0.117,"Undifferentiated"
307,0.203,-0.325,-0.315,"Cognitive-Dominant"
308,-0.111,0.489,-0.243,"Conative-Deficit"
309,0.386,-0.001,0.843,"Affective-Friction"
310,-0.016,0.19,0.494,"Undifferentiated"
311,-0.947,0.3,0.385,"Undifferentiated"
312,0.261,0.402,-0.862,"Conative-Deficit"
313,-0.671,0.049,-0.332,"Undifferentiated"
314,-0.741,0.544,0.02,"Undifferentiated"
315,-0.175,-0.126,-0.517,"Conative-Deficit"
316,-0.033,0.416,0.014,"Undifferentiated"
317,0.213,-0.204,-0.42,"Cognitive-Dominant"
318,-0.235,-0.322,-0.051,"Balanced-Tripartite"
319,-0.83,-0.232,-0.112,"Undifferentiated"
320,-0.256,-0.341,-0.726,"Cognitive-Dominant"
321,-0.102,-0.353,-0.513,"Cognitive-Dominant"
322,0.532,0.25,0.008,"Cognitive-Dominant"
323,-0.18,-0.035,-0.485,"Conative-Deficit"
324,-1.358,-1.049,-0.691,"Undifferentiated"
325,-0.293,0.199,0.238,"Undifferentiated"
326,-0.188,-0.159,-0.041,"Balanced-Tripartite"
327,1.053,0.305,0.942,"Cognitive-Dominant"
328,-0.622,0.263,0.304,"Undifferentiated"
329,-0.428,-0.255,-0.095,"Undifferentiated"
330,0.393,-0.507,0.489,"Affective-Friction"
331,-0.409,-0.614,-0.132,"Affective-Friction"
332,-0.474,0.359,0.323,"Undifferentiated"
333,-0.678,-0.344,-0.795,"Conative-Deficit"
334,-0.641,-0.179,-0.071,"Undifferentiated"
335,1.14,0.198,0.367,"Cognitive-Dominant"
336,1.2,0.661,-0.065,"Cognitive-Dominant"
337,0.197,-0.165,-0.363,"Cognitive-Dominant"
338,-0.746,-0.034,0.002,"Undifferentiated"
339,0.809,-0.284,-0.211,"Cognitive-Dominant"
340,-1.184,-0.806,-0.916,"Undifferentiated"
341,1.107,0.067,0.503,"Cognitive-Dominant"
342,1.218,-0.071,0.495,"Cognitive-Dominant"
343,0.012,0.097,0.058,"Balanced-Tripartite"
344,0.37,0.246,1.255,"Affective-Friction"
345,-0.471,0.328,0.103,"Undifferentiated"
346,0.008,-0.441,-1.155,"Cognitive-Dominant"
347,-0.661,-0.267,-0.774,"Conative-Deficit"
348,0.276,0.286,-0.043,"Conative-Deficit"
349,0.575,1.038,0.509,"Conative-Deficit"
350,0.125,0.766,-0.004,"Conative-Deficit"
351,-0.926,-0.384,0.019,"Undifferentiated"
352,-0.043,0.798,0.58,"Undifferentiated"
353,1.3,0.284,0.79,"Cognitive-Dominant"
354,0.048,-0.092,0.201,"Balanced-Tripartite"
355,-0.709,0.206,-0.347,"Undifferentiated"
356,-0.891,-0.301,-0.814,"Undifferentiated"
357,-0.324,-0.26,-0.08,"Balanced-Tripartite"
358,-0.169,-0.782,-0.591,"Cognitive-Dominant"
359,-0.557,0.086,0.864,"Undifferentiated"
360,0.061,-0.368,-0.068,"Cognitive-Dominant"
361,0.006,0.894,0.903,"Undifferentiated"
362,-0.201,-0.67,-0.234,"Cognitive-Dominant"
363,0.31,-0.559,0.094,"Cognitive-Dominant"
364,0.376,0.579,0.317,"Balanced-Tripartite"
365,0.161,0.255,0.544,"Undifferentiated"
366,-0.102,-0.085,-0.495,"Conative-Deficit"
367,-0.115,0.447,0.993,"Undifferentiated"
368,0.755,0.367,0.249,"Cognitive-Dominant"
369,-0.537,-0.519,-0.332,"Balanced-Tripartite"
370,0.193,0.055,-0.741,"Cognitive-Dominant"
371,-0.862,-0.095,-0.591,"Undifferentiated"
372,1.031,-0.002,-0.427,"Cognitive-Dominant"
373,-0.339,-0.819,-0.193,"Affective-Friction"
374,0.727,0.71,0.492,"Balanced-Tripartite"
375,0.263,-0.712,-0.158,"Cognitive-Dominant"
376,0.319,0.1,0.057,"Balanced-Tripartite"
377,0.019,-0.189,0.52,"Affective-Friction"
378,0.665,0.067,-0.011,"Cognitive-Dominant"
379,0.352,0.409,0.368,"Balanced-Tripartite"
380,-0.609,0.32,-0.138,"Undifferentiated"
381,-0.025,0.248,0.134,"Balanced-Tripartite"
382,0.58,-0.085,0.011,"Cognitive-Dominant"
383,0.548,0.195,-0.29,"Cognitive-Dominant"
384,0.092,0.415,0.764,"Undifferentiated"
385,0.767,-0.18,0.098,"Cognitive-Dominant"
386,-0.36,-0.61,0.043,"Affective-Friction"
387,-0.844,-0.427,-0.023,"Undifferentiated"
388,-1.219,0.43,-0.764,"Undifferentiated"
389,1.515,0.373,0.785,"Cognitive-Dominant"
390,-0.549,-0.335,0.408,"Undifferentiated"
391,-1.308,-0.445,-0.954,"Undifferentiated"
392,0.885,0.611,1.164,"Affective-Friction"
393,0.426,0.441,0.848,"Undifferentiated"
394,-0.721,0.105,-0.397,"Undifferentiated"
395,0.335,0.473,-0.162,"Conative-Deficit"
396,-0.637,-0.38,-0.551,"Balanced-Tripartite"
397,0.187,0.132,-0.127,"Cognitive-Dominant"
398,-0.112,0.047,0.609,"Undifferentiated"
399,-0.648,-0.026,-0.368,"Undifferentiated"
400,1.217,0.025,-0.279,"Cognitive-Dominant"
401,-0.235,0.031,0.447,"Undifferentiated"
402,0.078,0.204,0.065,"Balanced-Tripartite"
403,0.432,-0.052,-0.061,"Cognitive-Dominant"
404,-0.232,0.055,0.312,"Undifferentiated"
405,0.323,0.374,0.016,"Conative-Deficit"
406,0.65,-0.277,0.176,"Cognitive-Dominant"
407,0.355,-0.503,0.843,"Affective-Friction"
408,1.143,0.009,-0.023,"Cognitive-Dominant"
409,-0.49,0.399,0.59,"Undifferentiated"
410,-0.045,0.112,0.515,"Undifferentiated"
411,-0.01,-0.089,-0.469,"Cognitive-Dominant"
412,-0.501,-0.184,0.173,"Undifferentiated"
413,0.169,-0.207,0.197,"Affective-Friction"
414,0.129,-0.219,-0.288,"Cognitive-Dominant"
415,-1.541,-1.044,-0.459,"Undifferentiated"
416,-0.578,0.808,0.62,"Undifferentiated"
417,0.539,-0.259,-0.094,"Cognitive-Dominant"
418,0.186,-0.398,0.575,"Affective-Friction"
419,0.788,-0.499,-0.46,"Cognitive-Dominant"
420,-0.986,-0.067,-0.984,"Undifferentiated"
421,-0.318,-0.283,-0.007,"Undifferentiated"
422,0.519,0.26,0.278,"Balanced-Tripartite"
423,0.533,-0.628,-0.36,"Cognitive-Dominant"
424,-0.405,-0.104,-0.545,"Conative-Deficit"
425,-0.086,0.152,-0.433,"Conative-Deficit"
426,-0.232,-0.498,-0.571,"Cognitive-Dominant"
427,-1.157,0.254,0.473,"Undifferentiated"
428,-0.139,0.536,0.28,"Undifferentiated"
429,0.398,0.358,-0.02,"Cognitive-Dominant"
430,-0.686,-0.16,-0.584,"Undifferentiated"
431,0.467,-0.867,-0.245,"Cognitive-Dominant"
432,0.933,-0.276,-0.902,"Cognitive-Dominant"
433,-1.029,-0.604,0.227,"Undifferentiated"
434,-0.802,-0.195,-0.608,"Undifferentiated"
435,0.447,0.882,0.3,"Conative-Deficit"
436,0.42,-0.24,-0.439,"Cognitive-Dominant"
437,-0.391,-0.512,0.538,"Affective-Friction"
438,0.207,-0.585,-0.913,"Cognitive-Dominant"
439,0.561,0.042,-0.077,"Cognitive-Dominant"
440,1.063,0.275,-0.006,"Cognitive-Dominant"
441,0.469,0.027,0.334,"Cognitive-Dominant"
442,0.359,0.412,-0.107,"Conative-Deficit"
443,1.12,0.246,0.327,"Cognitive-Dominant"
444,0.289,-0.035,-0.307,"Cognitive-Dominant"
445,1.342,1.075,0.71,"Cognitive-Dominant"
446,0.25,-0.108,-0.06,"Cognitive-Dominant"
447,-0.136,-0.681,0.347,"Affective-Friction"
448,-0.216,0.091,0.25,"Undifferentiated"
449,0.072,-0.383,-0.817,"Cognitive-Dominant"
450,0.068,-0.193,-0.148,"Balanced-Tripartite"
451,0.074,-0.251,0.018,"Cognitive-Dominant"
452,-0.042,0.318,-0.589,"Conative-Deficit"
453,0.047,0.44,0.142,"Undifferentiated"
454,-0.632,-0.761,-0.485,"Balanced-Tripartite"
455,-0.227,-0.112,0.311,"Undifferentiated"
456,-0.257,-0.726,-0.257,"Cognitive-Dominant"
457,0.382,0.228,0.3,"Balanced-Tripartite"
458,-0.387,-0.276,-0.065,"Undifferentiated"
459,-0.494,0.231,-0.002,"Undifferentiated"
460,0.247,-0.476,0.158,"Cognitive-Dominant"
461,0.302,-0.028,0.14,"Cognitive-Dominant"
462,-0.114,0.26,0.009,"Undifferentiated"
463,-0.05,-0.141,-0.213,"Balanced-Tripartite"
464,0.008,0.36,-0.501,"Conative-Deficit"
465,0.214,-0.56,0.573,"Affective-Friction"
466,-0.019,0.204,-0.334,"Conative-Deficit"
467,-0.115,-0.142,-0.257,"Balanced-Tripartite"
468,-0.186,-0.731,-1.075,"Cognitive-Dominant"
469,0.828,0.125,-0.208,"Cognitive-Dominant"
470,-0.703,0.314,-0.05,"Undifferentiated"
471,1.374,1.264,0.91,"Cognitive-Dominant"
472,1.479,0.489,0.215,"Cognitive-Dominant"
473,0.134,0.189,0.336,"Balanced-Tripartite"
474,-0.609,-0.999,-0.606,"Affective-Friction"
475,0.944,1.095,-0.047,"Conative-Deficit"
476,-0.154,-0.149,-0.291,"Balanced-Tripartite"
477,-0.886,-1.064,-0.888,"Balanced-Tripartite"
478,-0.613,-0.821,-0.361,"Affective-Friction"
479,-0.605,-0.329,-0.561,"Balanced-Tripartite"
480,0.734,0.88,0.074,"Conative-Deficit"
481,-0.156,-0.27,-0.764,"Cognitive-Dominant"
482,-0.186,0.702,-0.485,"Conative-Deficit"
483,-1.261,-0.587,-0.463,"Undifferentiated"
484,-0.203,0.084,-0.113,"Balanced-Tripartite"
485,-0.769,-1.067,-1.17,"Cognitive-Dominant"
486,0.263,0.457,-0.076,"Conative-Deficit"
487,0.606,-0.211,-0.347,"Cognitive-Dominant"
488,-0.228,-0.07,1.052,"Undifferentiated"
489,0.635,-0.009,-0.011,"Cognitive-Dominant"
490,0.044,0.326,0.184,"Balanced-Tripartite"
491,0.349,-0.14,-0.721,"Cognitive-Dominant"
492,-0.237,0.379,0.087,"Undifferentiated"
493,0.469,0.657,0.955,"Undifferentiated"
494,-0.046,-0.127,-0.964,"Cognitive-Dominant"
495,0.067,0.043,-0.383,"Cognitive-Dominant"
496,0.014,0.359,0.919,"Undifferentiated"
497,-0.476,0.205,-0.133,"Undifferentiated"
498,-0.706,-0.35,-0.659,"Undifferentiated"
499,-0.491,-0.135,0.601,"Undifferentiated"
500,-0.131,-0.369,-0.607,"Cognitive-Dominant"
501,-0.656,-0.278,-0.375,"Undifferentiated"
502,-0.256,0.427,0.429,"Undifferentiated"
503,0.038,-0.328,-0.394,"Cognitive-Dominant"
504,0.262,-0.239,-0.016,"Cognitive-Dominant"
505,0.97,0.84,0.614,"Cognitive-Dominant"
506,-0.085,0.002,1.191,"Undifferentiated"
507,0.536,0.768,0.041,"Conative-Deficit"
508,0.264,0.155,-0.207,"Cognitive-Dominant"
509,-0.352,-0.072,0.027,"Undifferentiated"
510,1.263,0.25,0.307,"Cognitive-Dominant"
511,-0.33,0.638,-0.311,"Undifferentiated"
512,0.227,-0.009,0.527,"Affective-Friction"
513,-1.028,-0.634,-0.443,"Undifferentiated"
514,-0.37,-0.113,0.338,"Undifferentiated"
515,-1.071,-0.509,0.149,"Undifferentiated"
516,0.238,0.225,0.385,"Balanced-Tripartite"
517,0.66,0.134,0.542,"Cognitive-Dominant"
518,-0.752,-0.117,0.108,"Undifferentiated"
519,0.337,0.2,0.077,"Balanced-Tripartite"
520,0.241,0.542,0.016,"Conative-Deficit"
521,1.092,0.186,-0.246,"Cognitive-Dominant"
522,-0.046,0.006,0.296,"Undifferentiated"
523,-0.966,-0.689,-0.773,"Balanced-Tripartite"
524,-0.145,0.311,-0.214,"Conative-Deficit"
525,0.94,0.223,0.108,"Cognitive-Dominant"
526,0.856,-0.02,0.159,"Cognitive-Dominant"
527,-0.188,0.255,0.888,"Undifferentiated"
528,-0.398,-0.26,-1.095,"Conative-Deficit"
529,0.121,0.014,0.737,"Affective-Friction"
530,-0.005,0.112,-0.181,"Balanced-Tripartite"
531,0.263,0.064,0.271,"Balanced-Tripartite"
532,0.314,-0.791,-0.521,"Cognitive-Dominant"
533,0.955,0.422,0.794,"Cognitive-Dominant"
534,0.913,0.383,0.733,"Cognitive-Dominant"
535,0.228,0.343,0.075,"Balanced-Tripartite"
536,-0.344,0.568,0.504,"Undifferentiated"
537,0.031,-0.205,0.675,"Affective-Friction"
538,-0.448,-0.616,-0.402,"Balanced-Tripartite"
539,0.876,0.331,0.694,"Cognitive-Dominant"
540,0.058,1.046,0.889,"Undifferentiated"
541,0.316,0.334,-0.315,"Conative-Deficit"
542,-0.172,-0.142,-0.113,"Balanced-Tripartite"
543,0.969,0.373,0.101,"Cognitive-Dominant"
544,0.188,-0.07,0.184,"Balanced-Tripartite"
545,-0.352,0.074,0.084,"Undifferentiated"
546,0.744,-0.056,-0.552,"Cognitive-Dominant"
547,0.582,0.14,0.091,"Cognitive-Dominant"
548,-0.478,-0.406,-0.301,"Balanced-Tripartite"
549,1.132,0.202,0.026,"Cognitive-Dominant"
550,0.801,0.556,0.737,"Balanced-Tripartite"
551,-0.827,-0.974,0.149,"Affective-Friction"
552,0.527,-0.374,0.018,"Cognitive-Dominant"
553,-0.038,0.342,0.313,"Undifferentiated"
554,0.179,0.279,0.215,"Balanced-Tripartite"
555,0.469,0.206,0.518,"Affective-Friction"
556,-0.342,-0.554,-0.279,"Balanced-Tripartite"
557,0.119,0.616,0.737,"Undifferentiated"
558,0.688,0.045,0.537,"Cognitive-Dominant"
559,0.007,0.318,0.039,"Undifferentiated"
560,0,-0.164,-0.186,"Balanced-Tripartite"
561,0.299,-0.339,-0.267,"Cognitive-Dominant"
562,-0.712,-0.095,0.004,"Undifferentiated"
563,-0.383,0.486,0.068,"Undifferentiated"
564,-0.137,-0.463,-0.361,"Cognitive-Dominant"
565,0.469,0.607,0.905,"Undifferentiated"
566,1.095,0.661,0.297,"Cognitive-Dominant"
567,-0.643,0.098,0.092,"Undifferentiated"
568,-0.653,-0.226,-0.338,"Undifferentiated"
569,0.027,0.106,0.433,"Undifferentiated"
570,-0.19,-0.985,-1.246,"Cognitive-Dominant"
571,-0.079,-0.395,-0.006,"Affective-Friction"
572,-0.645,0.203,0.087,"Undifferentiated"
573,-0.872,-0.55,-0.312,"Undifferentiated"
574,-0.644,0.263,-0.582,"Undifferentiated"
575,0.07,-0.041,0.572,"Affective-Friction"
576,0.301,0.107,0.198,"Balanced-Tripartite"
577,-0.612,0.464,0.597,"Undifferentiated"
578,-0.384,-0.371,-0.569,"Balanced-Tripartite"
579,-0.066,0.57,0.627,"Undifferentiated"
580,-0.461,-0.036,-0.423,"Undifferentiated"
581,0.657,0.279,0.56,"Cognitive-Dominant"
582,-0.66,-0.082,-0.094,"Undifferentiated"
583,-0.571,-0.451,-1.209,"Conative-Deficit"
584,0.031,-0.48,-1.305,"Cognitive-Dominant"
585,-0.329,-0.033,-0.426,"Conative-Deficit"
586,0.153,1.049,1.066,"Undifferentiated"
587,-0.25,-0.204,0.135,"Undifferentiated"
588,-0.166,0.361,0.272,"Undifferentiated"
589,0.892,0.679,0.399,"Cognitive-Dominant"
590,-0.64,-0.753,-0.894,"Balanced-Tripartite"
591,0.024,0.157,-0.069,"Balanced-Tripartite"
592,0.482,0.298,0.572,"Balanced-Tripartite"
593,0.573,0.525,0.798,"Balanced-Tripartite"
594,0.76,0.207,0.769,"Affective-Friction"
595,0.696,0.034,0.249,"Cognitive-Dominant"
596,0.009,-0.139,0.349,"Affective-Friction"
597,0.23,0.078,0.509,"Affective-Friction"
598,-0.268,-0.007,-0.209,"Balanced-Tripartite"
599,-0.183,-0.213,0.456,"Affective-Friction"
600,-0.591,-0.292,-0.927,"Conative-Deficit"
601,0.507,0.119,-0.303,"Cognitive-Dominant"
602,0.501,0.306,0.674,"Affective-Friction"
603,-0.257,-0.806,-0.806,"Cognitive-Dominant"
604,0.229,-0.003,0.211,"Balanced-Tripartite"
605,0.001,-0.343,0.139,"Affective-Friction"
606,-0.813,-0.911,-1.242,"Cognitive-Dominant"
607,-0.932,-0.31,-0.444,"Undifferentiated"
608,0.333,-0.904,-0.912,"Cognitive-Dominant"
609,0.177,-0.098,0.161,"Balanced-Tripartite"
610,0.248,-0.567,-0.951,"Cognitive-Dominant"
611,0.934,0.309,0.102,"Cognitive-Dominant"
612,-0.035,-0.182,0.02,"Balanced-Tripartite"
613,-0.011,0.291,0.154,"Undifferentiated"
614,0.89,0.955,1.109,"Balanced-Tripartite"
615,0.238,0.156,0.152,"Balanced-Tripartite"
616,-0.001,-0.55,0.419,"Affective-Friction"
617,1.1,0.61,0.72,"Cognitive-Dominant"
618,-0.194,0.421,0.596,"Undifferentiated"
619,-0.98,-1.035,-0.477,"Affective-Friction"
620,0.825,0.37,0.505,"Cognitive-Dominant"
621,-0.547,-0.09,-0.324,"Undifferentiated"
622,0.914,0.423,-0.197,"Cognitive-Dominant"
623,-0.163,0.411,0.078,"Undifferentiated"
624,-0.584,-0.203,-0.351,"Undifferentiated"
625,0.175,-0.031,-0.755,"Cognitive-Dominant"
626,0.132,0.031,-0.462,"Cognitive-Dominant"
627,-0.305,0.273,0.049,"Undifferentiated"
628,0.166,-0.886,-0.998,"Cognitive-Dominant"
629,-0.357,-0.507,-0.442,"Balanced-Tripartite"
630,-1.032,-0.387,-0.563,"Undifferentiated"
631,-0.178,0.044,-0.219,"Balanced-Tripartite"
632,-0.095,0.313,0.928,"Undifferentiated"
633,-0.103,-0.459,-0.414,"Cognitive-Dominant"
634,0.103,0.761,0.261,"Undifferentiated"
635,-0.131,-0.181,-0.26,"Balanced-Tripartite"
636,-0.592,-0.438,-1.124,"Conative-Deficit"
637,-0.018,-0.389,-0.667,"Cognitive-Dominant"
638,-0.403,0.094,-0.231,"Undifferentiated"
639,0.255,0.168,0.55,"Affective-Friction"
640,0.777,-0.581,-0.534,"Cognitive-Dominant"
641,0.324,-0.182,0.394,"Affective-Friction"
642,-0.31,0.113,0.383,"Undifferentiated"
643,0.077,0.265,-0.185,"Conative-Deficit"
644,0.256,-0.464,-0.403,"Cognitive-Dominant"
645,-0.275,-0.157,-0.026,"Balanced-Tripartite"
646,0.563,-0.296,-0.214,"Cognitive-Dominant"
647,0.511,0.226,1.261,"Affective-Friction"
648,0.483,0.224,0.36,"Balanced-Tripartite"
649,0.325,0.596,0.699,"Undifferentiated"
650,-0.864,-0.182,-0.233,"Undifferentiated"
651,0.42,-0.371,0.222,"Cognitive-Dominant"
652,-0.825,-0.026,0.052,"Undifferentiated"
653,-0.43,0.005,-0.319,"Undifferentiated"
654,-0.532,-0.413,0.178,"Undifferentiated"
655,-1.281,-0.363,0.117,"Undifferentiated"
656,-0.399,-0.375,-0.551,"Balanced-Tripartite"
657,-1.217,-0.883,-0.547,"Undifferentiated"
658,0.389,0.17,-0.189,"Cognitive-Dominant"
659,-1.119,0.141,-0.639,"Undifferentiated"
660,-0.469,-0.356,-0.411,"Balanced-Tripartite"
661,-0.92,0.368,0.091,"Undifferentiated"
662,0.978,0.579,0.356,"Cognitive-Dominant"
663,-0.02,-0.256,0.489,"Affective-Friction"
664,-0.461,0.154,0.491,"Undifferentiated"
665,0.328,0.654,0.057,"Conative-Deficit"
666,0.502,0.72,0.339,"Conative-Deficit"
667,0.835,0.451,0.688,"Cognitive-Dominant"
668,-0.397,-0.39,-0.639,"Balanced-Tripartite"
669,0.485,0.08,0.02,"Cognitive-Dominant"
670,0.068,0.259,0.777,"Undifferentiated"
671,1.143,0.021,1.163,"Affective-Friction"
672,-0.065,-0.421,-0.332,"Cognitive-Dominant"
673,-0.792,-0.118,-0.669,"Undifferentiated"
674,-0.265,-0.545,-0.647,"Cognitive-Dominant"
675,-0.091,-0.014,0.697,"Undifferentiated"
676,-0.165,0.633,0.742,"Undifferentiated"
677,0.938,0.087,0.029,"Cognitive-Dominant"
678,-0.321,0.549,0.509,"Undifferentiated"
679,0.254,0.66,0.598,"Undifferentiated"
680,-0.273,0.002,-0.919,"Conative-Deficit"
681,0.037,0.478,-0.445,"Conative-Deficit"
682,1.258,-0.151,1.028,"Cognitive-Dominant"
683,0.122,-0.521,-0.239,"Cognitive-Dominant"
684,0.013,-0.64,-0.741,"Cognitive-Dominant"
685,0.913,0.174,-0.376,"Cognitive-Dominant"
686,-0.014,0.174,-0.128,"Conative-Deficit"
687,-0.028,0.113,-0.062,"Balanced-Tripartite"
688,0.093,0.366,0.127,"Balanced-Tripartite"
689,-0.35,-0.273,-0.327,"Balanced-Tripartite"
690,0.531,0.77,0.622,"Balanced-Tripartite"
691,0.672,0.27,0.669,"Cognitive-Dominant"
692,0.862,-0.059,-0.11,"Cognitive-Dominant"
693,0.241,0.143,0.176,"Balanced-Tripartite"
694,0.68,0.595,0.273,"Cognitive-Dominant"
695,0.704,0.167,0.216,"Cognitive-Dominant"
696,-0.237,-0.243,-0.037,"Balanced-Tripartite"
697,-1.111,-0.543,-0.25,"Undifferentiated"
698,-0.239,0.146,0.675,"Undifferentiated"
699,0.454,-0.536,0.039,"Cognitive-Dominant"
700,-0.446,0.022,-0.462,"Conative-Deficit"
701,0.104,-0.954,-0.832,"Cognitive-Dominant"
702,0.155,-0.224,0.157,"Affective-Friction"
703,-0.702,-0.067,0.349,"Undifferentiated"
704,0.706,0.061,-0.031,"Cognitive-Dominant"
705,0.581,0.773,0.356,"Conative-Deficit"
706,0.032,-0.048,-0.156,"Balanced-Tripartite"
707,0.266,-0.019,-0.034,"Balanced-Tripartite"
708,-0.286,-0.973,-0.445,"Cognitive-Dominant"
709,-0.098,-0.505,-1.317,"Cognitive-Dominant"
710,0.175,-0.283,-0.36,"Cognitive-Dominant"
711,-0.249,0.748,0.958,"Undifferentiated"
712,-0.322,-0.381,-0.236,"Balanced-Tripartite"
713,0.94,0.128,-0.365,"Cognitive-Dominant"
714,-0.466,-0.502,-0.082,"Affective-Friction"
715,0.184,0.385,0.227,"Balanced-Tripartite"
716,-0.38,-0.863,-0.134,"Affective-Friction"
717,-0.83,-0.196,-0.273,"Undifferentiated"
718,-0.133,0.112,-0.408,"Conative-Deficit"
719,-1.42,0.26,-0.336,"Undifferentiated"
720,-0.966,-0.652,-0.481,"Undifferentiated"
721,0.271,0.316,0.467,"Balanced-Tripartite"
722,-0.249,0.078,0.207,"Undifferentiated"
723,0.276,0.446,-0.017,"Conative-Deficit"
724,-0.134,-0.142,0.135,"Balanced-Tripartite"
725,-0.025,0.31,0.116,"Undifferentiated"
726,0.257,0.632,0.766,"Undifferentiated"
727,-0.23,-0.026,-0.464,"Conative-Deficit"
728,1.123,0.168,-0.229,"Cognitive-Dominant"
729,0.452,0.018,0.282,"Cognitive-Dominant"
730,-0.653,0.055,-0.174,"Undifferentiated"
731,-0.362,-0.192,-0.072,"Balanced-Tripartite"
732,-0.749,-0.536,-0.197,"Undifferentiated"
733,0.057,-0.09,-0.357,"Cognitive-Dominant"
734,0.236,-0.408,-0.363,"Cognitive-Dominant"
735,-0.615,0.21,-0.427,"Undifferentiated"
736,0.512,-0.033,0.218,"Cognitive-Dominant"
737,0.151,-0.237,-0.187,"Cognitive-Dominant"
738,-1.315,-1.004,-0.648,"Undifferentiated"
739,-0.405,-0.141,-0.32,"Balanced-Tripartite"
740,-0.263,0.132,0.036,"Undifferentiated"
741,0.183,0.213,1.078,"Undifferentiated"
742,0.68,-0.367,-0.058,"Cognitive-Dominant"
743,-0.132,-0.456,-0.657,"Cognitive-Dominant"
744,-0.4,-1.35,-1.474,"Cognitive-Dominant"
745,-1.023,-0.302,-0.543,"Undifferentiated"
746,0.585,-0.576,0.103,"Cognitive-Dominant"
747,-0.099,-0.168,-0.226,"Balanced-Tripartite"
748,-0.241,0.486,-0.046,"Undifferentiated"
749,0.488,-0.16,0.072,"Cognitive-Dominant"
750,0.276,0.206,0.406,"Balanced-Tripartite"
751,0.179,-0.308,0.666,"Affective-Friction"
752,0.005,-0.55,-0.179,"Cognitive-Dominant"
753,-0.036,-0.201,-0.425,"Cognitive-Dominant"
754,-0.06,-0.699,-0.018,"Affective-Friction"
755,0.603,-0.206,0.114,"Cognitive-Dominant"
756,-0.772,-0.282,0.806,"Undifferentiated"
757,-0.298,0.073,-0.662,"Conative-Deficit"
758,-0.282,-0.934,-0.59,"Cognitive-Dominant"
759,0.037,0.117,0.388,"Undifferentiated"
760,0.688,-0.672,-0.557,"Cognitive-Dominant"
761,0.642,0.323,0.158,"Cognitive-Dominant"
762,-0.62,-0.34,-0.977,"Conative-Deficit"
763,-0.137,-0.141,-0.344,"Balanced-Tripartite"
764,-0.42,0.568,0.6,"Undifferentiated"
765,0.363,0.683,0.624,"Undifferentiated"
766,-0.318,0.16,-0.706,"Conative-Deficit"
767,0.072,0.182,-0.102,"Balanced-Tripartite"
768,0.079,-0.043,-0.145,"Balanced-Tripartite"
769,-0.468,-0.463,0.288,"Undifferentiated"
770,0.305,0.06,0.557,"Affective-Friction"
771,-0.049,-0.392,0.587,"Affective-Friction"
772,-0.074,0.233,-0.154,"Conative-Deficit"
773,0.769,1.042,0.68,"Conative-Deficit"
774,-0.046,0.128,0.036,"Balanced-Tripartite"
775,0.52,0.522,0.252,"Balanced-Tripartite"
776,-1.187,-0.55,-0.717,"Undifferentiated"
777,0.708,0.161,-0.187,"Cognitive-Dominant"
778,0.032,0.18,0.642,"Undifferentiated"
779,0.086,0.431,-0.174,"Conative-Deficit"
780,-1.046,-0.814,-1.016,"Balanced-Tripartite"
781,0.54,0.212,0.489,"Cognitive-Dominant"
782,1.429,1.333,1.315,"Balanced-Tripartite"
783,-0.961,-0.502,-0.678,"Undifferentiated"
784,0.39,0.156,0.069,"Cognitive-Dominant"
785,0.25,0.018,-0.306,"Cognitive-Dominant"
786,-0.612,0.1,-0.132,"Undifferentiated"
787,0.011,-0.209,-0.532,"Cognitive-Dominant"
788,-0.798,-0.519,-0.178,"Undifferentiated"
789,0.934,0.637,0.744,"Balanced-Tripartite"
790,-0.932,-0.711,-0.962,"Balanced-Tripartite"
791,0.437,0.869,0.468,"Undifferentiated"
792,0.42,0.209,-0.289,"Cognitive-Dominant"
793,1.343,0.499,0.921,"Cognitive-Dominant"
794,-0.243,0.022,-0.054,"Balanced-Tripartite"
795,-0.235,0.438,0.616,"Undifferentiated"
796,-0.597,0.312,-0.416,"Undifferentiated"
797,0.369,0.182,0.175,"Balanced-Tripartite"
798,0.15,0.324,0.227,"Balanced-Tripartite"
799,0.167,-0.003,0.477,"Affective-Friction"
800,0.44,0.187,-0.714,"Cognitive-Dominant"
801,0.525,0.349,0.145,"Cognitive-Dominant"
802,-0.946,-0.399,-0.917,"Undifferentiated"
803,0.361,-0.066,-0.309,"Cognitive-Dominant"
804,0.324,-0.299,0.161,"Cognitive-Dominant"
805,-0.543,-0.655,-0.51,"Balanced-Tripartite"
806,0.962,0.02,0.082,"Cognitive-Dominant"
807,0.508,0.011,-0.512,"Cognitive-Dominant"
808,0.233,-0.346,-0.284,"Cognitive-Dominant"
809,-0.039,-0.642,-0.914,"Cognitive-Dominant"
810,1.044,-0.016,0.153,"Cognitive-Dominant"
811,-0.236,-0.72,-0.5,"Cognitive-Dominant"
812,-0.132,0.152,0.006,"Balanced-Tripartite"
813,-0.413,0.104,-0.14,"Undifferentiated"
814,0.175,0.564,0.569,"Undifferentiated"
815,0.998,0.739,0.916,"Balanced-Tripartite"
816,0.277,0.357,-0.183,"Conative-Deficit"
817,0.196,-0.34,-0.057,"Cognitive-Dominant"
818,0.425,0.371,1.277,"Affective-Friction"
819,1.236,0.519,0.979,"Cognitive-Dominant"
820,-0.543,0.332,-0.345,"Undifferentiated"
821,-0.879,0.152,-0.098,"Undifferentiated"
822,0.288,0.274,0.377,"Balanced-Tripartite"
823,-0.259,0.264,0.844,"Undifferentiated"
824,-0.464,0.045,-0.168,"Undifferentiated"
825,1.521,0.533,0.684,"Cognitive-Dominant"
826,-0.19,-0.613,-0.061,"Affective-Friction"
827,0.298,-0.205,0.873,"Affective-Friction"
828,0.008,0.308,0.355,"Undifferentiated"
829,-0.017,-0.492,0.169,"Affective-Friction"
830,0.219,-0.092,-0.008,"Cognitive-Dominant"
831,0.571,0.302,0.109,"Cognitive-Dominant"
832,-0.533,-0.638,-0.5,"Balanced-Tripartite"
833,0.663,0.102,-0.119,"Cognitive-Dominant"
834,0.602,-0.175,0.13,"Cognitive-Dominant"
835,-0.437,0.008,-0.551,"Conative-Deficit"
836,0.802,-0.304,0.631,"Cognitive-Dominant"
837,0.178,0.159,0.27,"Balanced-Tripartite"
838,0.721,0.221,-0.286,"Cognitive-Dominant"
839,-0.155,-0.434,-0.629,"Cognitive-Dominant"
840,-0.308,-0.113,-0.339,"Balanced-Tripartite"
841,-0.303,0.529,0.343,"Undifferentiated"
842,0.945,0.554,0.821,"Cognitive-Dominant"
843,0.119,-0.1,0.424,"Affective-Friction"
844,0.512,-0.151,-0.197,"Cognitive-Dominant"
845,-0.351,-0.203,-0.138,"Balanced-Tripartite"
846,-0.716,-0.571,-0.529,"Balanced-Tripartite"
847,-0.442,-0.704,0.229,"Affective-Friction"
848,0.258,0.184,-0.086,"Cognitive-Dominant"
849,0.682,-0.336,-0.122,"Cognitive-Dominant"
850,0.169,-0.603,-0.219,"Cognitive-Dominant"
851,0.696,-0.044,0.311,"Cognitive-Dominant"
852,1.154,0.367,0.132,"Cognitive-Dominant"
853,-0.274,0.325,0.293,"Undifferentiated"
854,-0.585,-0.33,-0.087,"Undifferentiated"
855,-0.237,-0.421,0.466,"Affective-Friction"
856,-0.708,0.285,-0.466,"Undifferentiated"
857,0.561,-0.097,-0.35,"Cognitive-Dominant"
858,0.826,0.662,0.699,"Balanced-Tripartite"
859,-0.38,-0.523,-0.226,"Balanced-Tripartite"
860,-0.042,-0.458,-0.211,"Cognitive-Dominant"
861,-0.052,-0.214,0.033,"Balanced-Tripartite"
862,-0.454,-0.472,-0.628,"Balanced-Tripartite"
863,-1.441,0.026,-0.365,"Undifferentiated"
864,-0.647,0.071,-0.571,"Undifferentiated"
865,0.242,-0.038,0.21,"Balanced-Tripartite"
866,-0.011,0.099,0.443,"Undifferentiated"
867,0.395,0.258,0.933,"Affective-Friction"
868,-0.307,0.264,0.953,"Undifferentiated"
869,-0.121,0.277,0.088,"Undifferentiated"
870,1.036,0.871,0.553,"Cognitive-Dominant"
871,0.859,-0.022,0.333,"Cognitive-Dominant"
872,-0.858,-0.025,-0.431,"Undifferentiated"
873,0.994,0.068,0.493,"Cognitive-Dominant"
874,-0.346,0.556,0.95,"Undifferentiated"
875,0.224,0.618,0.581,"Undifferentiated"
876,-0.253,-0.13,0.419,"Undifferentiated"
877,0.024,0.355,0.125,"Undifferentiated"
878,0.037,0.004,0.531,"Affective-Friction"
879,0.313,-0.289,0.164,"Cognitive-Dominant"
880,0.642,-0.032,0.115,"Cognitive-Dominant"
881,0.266,0.84,1.342,"Undifferentiated"
882,-0.591,0.041,-0.185,"Undifferentiated"
883,0.419,0.502,0.653,"Balanced-Tripartite"
884,0.466,-0.57,-0.11,"Cognitive-Dominant"
885,0.965,-0.064,-0.377,"Cognitive-Dominant"
886,-0.528,-0.819,-0.358,"Affective-Friction"
887,0.066,0.107,-0.05,"Balanced-Tripartite"
888,-0.884,0.311,-0.55,"Undifferentiated"
889,-0.131,0.007,0.103,"Balanced-Tripartite"
890,-0.894,-0.466,-0.645,"Undifferentiated"
891,-0.707,-0.383,-1.337,"Conative-Deficit"
892,0.216,0.395,0.087,"Conative-Deficit"
893,-0.46,-0.903,-0.043,"Affective-Friction"
894,-0.801,0.16,0.021,"Undifferentiated"
895,0.906,0.566,0.689,"Cognitive-Dominant"
896,0.527,0.286,0.351,"Balanced-Tripartite"
897,-0.683,-0.533,-0.445,"Balanced-Tripartite"
898,1.1,0.979,0.724,"Cognitive-Dominant"
899,0.534,-0.277,0.068,"Cognitive-Dominant"
900,-0.24,-0.257,-0.939,"Cognitive-Dominant"
901,0.167,-0.216,-0.732,"Cognitive-Dominant"
902,0.036,-0.658,-0.42,"Cognitive-Dominant"
903,0.081,0.114,-0.268,"Conative-Deficit"
904,-0.324,0.053,0.429,"Undifferentiated"
905,-0.035,0.178,-0.338,"Conative-Deficit"
906,0.179,0.358,0.345,"Balanced-Tripartite"
907,-0.355,-0.442,-0.224,"Balanced-Tripartite"
908,-0.209,-0.466,-0.432,"Balanced-Tripartite"
909,-1.026,-0.36,0.07,"Undifferentiated"
910,1.063,0.161,-0.209,"Cognitive-Dominant"
911,-0.274,-0.245,0.373,"Undifferentiated"
912,0.158,0.064,-0.156,"Cognitive-Dominant"
913,-1.124,0.621,0.428,"Undifferentiated"
914,-0.119,-0.167,-0.834,"Cognitive-Dominant"
915,-0.55,-0.641,-0.507,"Balanced-Tripartite"
916,0.754,0.944,0.397,"Conative-Deficit"
917,-0.302,-0.513,-0.112,"Affective-Friction"
918,0.231,-0.345,0.408,"Affective-Friction"
919,-0.32,-0.106,-0.087,"Balanced-Tripartite"
920,-0.511,0.532,0.174,"Undifferentiated"
921,-0.181,-0.173,0.157,"Undifferentiated"
922,-0.053,-0.145,0.564,"Affective-Friction"
923,-0.057,0.229,0.206,"Balanced-Tripartite"
924,0.051,0.293,-0.128,"Conative-Deficit"
925,-1.048,-0.469,-0.379,"Undifferentiated"
926,0.115,0.004,-0.422,"Cognitive-Dominant"
927,0.14,0.483,0.169,"Undifferentiated"
928,-1.192,-0.95,-0.982,"Balanced-Tripartite"
929,-0.008,-0.278,-0.588,"Cognitive-Dominant"
930,-0.644,-0.444,-0.68,"Balanced-Tripartite"
931,-0.451,-0.225,0.185,"Undifferentiated"
932,0.393,0.153,0.767,"Affective-Friction"
933,0.73,0.249,-0.168,"Cognitive-Dominant"
934,0.893,-0.086,0.209,"Cognitive-Dominant"
935,-0.393,0.184,0.078,"Undifferentiated"
936,-0.141,0.132,0.598,"Undifferentiated"
937,0.717,0.417,-0.153,"Cognitive-Dominant"
938,0.165,0.723,0.712,"Undifferentiated"
939,-0.425,-0.271,0.119,"Undifferentiated"
940,-0.047,-0.011,0.461,"Undifferentiated"
941,-0.278,0.612,0.544,"Undifferentiated"
942,0.811,-0.35,-0.12,"Cognitive-Dominant"
943,-0.931,-0.146,-0.905,"Undifferentiated"
944,-0.564,0.281,-0.113,"Undifferentiated"
945,0.144,0.627,-0.146,"Conative-Deficit"
946,-0.196,-0.775,-0.098,"Affective-Friction"
947,0.889,-0.485,-0.164,"Cognitive-Dominant"
948,0.347,-0.064,-0.248,"Cognitive-Dominant"
949,0.013,0.037,-0.33,"Conative-Deficit"
950,-0.017,0.472,-0.236,"Conative-Deficit"
951,-0.671,-0.168,0.394,"Undifferentiated"
952,-0.467,-0.506,-0.258,"Balanced-Tripartite"
953,1.058,0.401,0.797,"Cognitive-Dominant"
954,0.645,0.587,0.478,"Balanced-Tripartite"
955,-0.374,-0.247,0.573,"Undifferentiated"
956,-0.747,-0.288,-0.232,"Undifferentiated"
957,0.894,-0.02,0.006,"Cognitive-Dominant"
958,-0.499,0.197,-0.202,"Undifferentiated"
959,-0.249,-0.243,-0.278,"Balanced-Tripartite"
960,0.908,0.225,0.546,"Cognitive-Dominant"
961,-0.17,-0.172,-0.686,"Cognitive-Dominant"
962,-0.136,0.097,0.324,"Undifferentiated"
963,0.077,-0.048,-0.406,"Cognitive-Dominant"
964,0.262,-0.106,-0.453,"Cognitive-Dominant"
965,0.263,0.715,0.438,"Undifferentiated"
966,-0.223,0.231,-0.478,"Conative-Deficit"
967,-0.623,0.126,0.658,"Undifferentiated"
968,-0.357,0.103,0.155,"Undifferentiated"
969,0.059,0.826,1.108,"Undifferentiated"
970,-0.982,-0.36,-0.804,"Undifferentiated"
971,0.206,0.005,0.561,"Affective-Friction"
972,0.097,-0.162,0.692,"Affective-Friction"
973,-0.108,-0.898,-1.243,"Cognitive-Dominant"
974,-0.221,0.035,0.289,"Undifferentiated"
975,1.011,0.619,1.224,"Affective-Friction"
976,0.24,-0.411,-0.644,"Cognitive-Dominant"
977,0.48,0.888,0.43,"Conative-Deficit"
978,-0.458,0.774,0.296,"Undifferentiated"
979,-0.117,0.288,-0.021,"Undifferentiated"
980,-0.433,0.262,-0.084,"Undifferentiated"
981,-0.587,-0.765,-0.633,"Balanced-Tripartite"
982,-0.481,-0.178,0.195,"Undifferentiated"
983,-0.46,0.235,-0.931,"Conative-Deficit"
984,-0.321,0.52,0.524,"Undifferentiated"
985,1.026,0.447,0.469,"Cognitive-Dominant"
986,1.075,0.465,0.3,"Cognitive-Dominant"
987,0.136,-0.709,-0.094,"Cognitive-Dominant"
988,0.096,0.09,0.41,"Affective-Friction"
989,-0.73,0.782,0.795,"Undifferentiated"
990,0.397,0.477,0.7,"Undifferentiated"
991,-0.352,-0.294,-0.047,"Undifferentiated"
992,-0.21,-0.371,-0.267,"Balanced-Tripartite"
993,-0.448,-0.708,-0.394,"Affective-Friction"
994,0.55,0.015,0.905,"Affective-Friction"
995,-0.228,-0.151,0.157,"Undifferentiated"
996,-0.023,-0.458,-0.238,"Cognitive-Dominant"
997,-0.543,-0.952,-1.181,"Cognitive-Dominant"
998,0.327,0.32,-0.085,"Cognitive-Dominant"
999,-0.212,0.449,0.212,"Undifferentiated"
1000,0.161,0.448,0.027,"Conative-Deficit"
