"N","Group","Domain","Param","True","Reps_Used","Mean_Est","Bias","Rel_Bias","Emp_SD","RMSE","Mean_SE","SE_Bias","Coverage_95"
1000,"Phi","Cognitive-Affective","r(Cog,Aff)",0.4,200,0.405,0.005,0.012,0.032,0.032,0.032,-0.004,0.95
1000,"Phi","Cognitive-Conative","r(Cog,Con)",0.35,200,0.351,0.001,0.002,0.033,0.033,0.032,-0.029,0.94
1000,"Phi","Affective-Conative","r(Aff,Con)",0.48,200,0.481,0.001,0.002,0.032,0.032,0.03,-0.046,0.94
1000,"a","Cognitive","It1_a",1.3,200,1.315,0.015,0.012,0.085,0.086,0.089,0.042,0.955
1000,"a","Cognitive","It2_a",1.345,200,1.348,0.002,0.002,0.082,0.082,0.089,0.091,0.98
1000,"a","Cognitive","It3_a",1.391,200,1.392,0.001,0.001,0.097,0.096,0.092,-0.05,0.95
1000,"a","Cognitive","It4_a",1.436,200,1.435,-0.002,-0.001,0.092,0.092,0.093,0.008,0.95
1000,"a","Cognitive","It5_a",1.482,200,1.478,-0.004,-0.003,0.097,0.096,0.095,-0.013,0.945
1000,"a","Cognitive","It6_a",1.527,200,1.531,0.004,0.002,0.099,0.099,0.096,-0.024,0.955
1000,"a","Cognitive","It7_a",1.573,200,1.585,0.012,0.008,0.098,0.099,0.099,0.004,0.95
1000,"a","Cognitive","It8_a",1.618,200,1.622,0.004,0.002,0.104,0.104,0.101,-0.031,0.945
1000,"a","Cognitive","It9_a",1.664,200,1.662,-0.001,-0.001,0.102,0.102,0.103,0.006,0.955
1000,"a","Cognitive","It10_a",1.709,200,1.704,-0.005,-0.003,0.1,0.1,0.105,0.055,0.96
1000,"a","Cognitive","It11_a",1.755,200,1.761,0.007,0.004,0.103,0.103,0.107,0.041,0.955
1000,"a","Cognitive","It12_a",1.8,200,1.803,0.003,0.002,0.103,0.103,0.109,0.054,0.965
1000,"a","Affective","It13_a",0.9,200,0.899,-0.001,-0.001,0.082,0.082,0.079,-0.039,0.95
1000,"a","Affective","It14_a",0.955,200,0.953,-0.002,-0.002,0.085,0.085,0.081,-0.056,0.955
1000,"a","Affective","It15_a",1.009,200,1.01,0.001,0.001,0.079,0.079,0.082,0.038,0.96
1000,"a","Affective","It16_a",1.064,200,1.061,-0.003,-0.003,0.086,0.085,0.084,-0.023,0.945
1000,"a","Affective","It17_a",1.118,200,1.123,0.005,0.005,0.084,0.084,0.086,0.026,0.945
1000,"a","Affective","It18_a",1.173,200,1.19,0.017,0.015,0.09,0.091,0.088,-0.015,0.955
1000,"a","Affective","It19_a",1.227,200,1.229,0.002,0.002,0.094,0.094,0.091,-0.035,0.955
1000,"a","Affective","It20_a",1.282,200,1.278,-0.004,-0.003,0.089,0.089,0.092,0.039,0.965
1000,"a","Affective","It21_a",1.336,200,1.356,0.02,0.015,0.092,0.094,0.096,0.035,0.975
1000,"a","Affective","It22_a",1.391,200,1.392,0.001,0.001,0.106,0.105,0.098,-0.075,0.945
1000,"a","Affective","It23_a",1.445,200,1.451,0.005,0.004,0.098,0.097,0.1,0.022,0.965
1000,"a","Affective","It24_a",1.5,200,1.505,0.005,0.003,0.102,0.102,0.102,-0.001,0.955
1000,"a","Conative","It25_a",1.1,200,1.105,0.005,0.005,0.075,0.075,0.083,0.1,0.97
1000,"a","Conative","It26_a",1.155,200,1.156,0.001,0.001,0.092,0.092,0.085,-0.081,0.92
1000,"a","Conative","It27_a",1.209,200,1.213,0.003,0.003,0.079,0.078,0.086,0.099,0.975
1000,"a","Conative","It28_a",1.264,200,1.267,0.003,0.002,0.092,0.092,0.088,-0.04,0.95
1000,"a","Conative","It29_a",1.318,200,1.303,-0.015,-0.012,0.091,0.092,0.09,-0.013,0.945
1000,"a","Conative","It30_a",1.373,200,1.371,-0.002,-0.002,0.085,0.085,0.092,0.085,0.975
1000,"a","Conative","It31_a",1.427,200,1.432,0.004,0.003,0.098,0.097,0.095,-0.027,0.94
1000,"a","Conative","It32_a",1.482,200,1.496,0.014,0.01,0.091,0.092,0.097,0.065,0.975
1000,"a","Conative","It33_a",1.536,200,1.543,0.006,0.004,0.094,0.094,0.099,0.06,0.97
1000,"a","Conative","It34_a",1.591,200,1.602,0.011,0.007,0.102,0.103,0.103,0.004,0.955
1000,"a","Conative","It35_a",1.645,200,1.658,0.013,0.008,0.107,0.108,0.106,-0.014,0.965
1000,"a","Conative","It36_a",1.7,200,1.694,-0.006,-0.004,0.109,0.109,0.106,-0.025,0.94
1000,"b1","Cognitive","It1_b1",-1.235,200,-1.237,-0.001,0.001,0.091,0.091,0.094,0.027,0.935
1000,"b1","Cognitive","It2_b1",-1.227,200,-1.239,-0.012,0.01,0.092,0.092,0.092,0.004,0.95
1000,"b1","Cognitive","It3_b1",-1.154,200,-1.167,-0.012,0.01,0.088,0.088,0.088,-0.001,0.945
1000,"b1","Cognitive","It4_b1",-1.319,200,-1.328,-0.009,0.007,0.099,0.099,0.092,-0.068,0.935
1000,"b1","Cognitive","It5_b1",-1.155,200,-1.159,-0.004,0.003,0.085,0.085,0.084,-0.004,0.98
1000,"b1","Cognitive","It6_b1",-1.233,200,-1.231,0.002,-0.002,0.081,0.081,0.085,0.044,0.96
1000,"b1","Cognitive","It7_b1",-1.295,200,-1.291,0.004,-0.003,0.086,0.086,0.085,-0.01,0.95
1000,"b1","Cognitive","It8_b1",-1.076,200,-1.079,-0.004,0.003,0.079,0.079,0.077,-0.028,0.94
1000,"b1","Cognitive","It9_b1",-1.325,200,-1.325,0,0,0.088,0.087,0.085,-0.036,0.97
1000,"b1","Cognitive","It10_b1",-1.022,200,-1.026,-0.004,0.004,0.077,0.077,0.073,-0.045,0.95
1000,"b1","Cognitive","It11_b1",-1.151,200,-1.148,0.002,-0.002,0.075,0.075,0.076,0.007,0.945
1000,"b1","Cognitive","It12_b1",-1.163,200,-1.168,-0.005,0.004,0.074,0.074,0.075,0.011,0.95
1000,"b1","Affective","It13_b1",-1.097,200,-1.103,-0.006,0.005,0.124,0.124,0.12,-0.034,0.975
1000,"b1","Affective","It14_b1",-1.209,200,-1.221,-0.012,0.01,0.127,0.127,0.121,-0.049,0.95
1000,"b1","Affective","It15_b1",-1.419,200,-1.435,-0.016,0.011,0.123,0.124,0.126,0.027,0.975
1000,"b1","Affective","It16_b1",-1.351,200,-1.363,-0.012,0.009,0.12,0.12,0.118,-0.017,0.95
1000,"b1","Affective","It17_b1",-1.108,200,-1.108,0,0,0.099,0.099,0.101,0.017,0.955
1000,"b1","Affective","It18_b1",-1.172,200,-1.169,0.003,-0.003,0.107,0.107,0.099,-0.076,0.94
1000,"b1","Affective","It19_b1",-1.216,200,-1.22,-0.004,0.003,0.098,0.098,0.1,0.015,0.955
1000,"b1","Affective","It20_b1",-1.224,200,-1.23,-0.006,0.005,0.089,0.089,0.097,0.096,0.96
1000,"b1","Affective","It21_b1",-1.247,200,-1.245,0.002,-0.002,0.091,0.091,0.094,0.034,0.96
1000,"b1","Affective","It22_b1",-1.061,200,-1.066,-0.005,0.005,0.09,0.09,0.086,-0.049,0.935
1000,"b1","Affective","It23_b1",-1.326,200,-1.327,-0.001,0.001,0.097,0.097,0.093,-0.035,0.925
1000,"b1","Affective","It24_b1",-1.194,200,-1.191,0.003,-0.002,0.082,0.082,0.086,0.047,0.955
1000,"b1","Conative","It25_b1",-1.018,200,-1.026,-0.008,0.008,0.094,0.094,0.097,0.037,0.975
1000,"b1","Conative","It26_b1",-1.188,200,-1.195,-0.007,0.006,0.108,0.108,0.102,-0.061,0.93
1000,"b1","Conative","It27_b1",-1.113,200,-1.129,-0.016,0.015,0.1,0.101,0.095,-0.047,0.95
1000,"b1","Conative","It28_b1",-1.2,200,-1.214,-0.014,0.012,0.098,0.099,0.096,-0.02,0.945
1000,"b1","Conative","It29_b1",-1.153,200,-1.176,-0.022,0.02,0.087,0.09,0.092,0.06,0.965
1000,"b1","Conative","It30_b1",-1.189,200,-1.196,-0.006,0.005,0.093,0.093,0.09,-0.026,0.955
1000,"b1","Conative","It31_b1",-1.111,200,-1.117,-0.005,0.005,0.089,0.089,0.085,-0.046,0.93
1000,"b1","Conative","It32_b1",-1.253,200,-1.259,-0.006,0.004,0.076,0.076,0.088,0.147,0.98
1000,"b1","Conative","It33_b1",-1.312,200,-1.315,-0.004,0.003,0.083,0.082,0.088,0.068,0.965
1000,"b1","Conative","It34_b1",-1.174,200,-1.173,0,0,0.07,0.07,0.081,0.162,0.965
1000,"b1","Conative","It35_b1",-0.987,200,-0.989,-0.003,0.003,0.077,0.077,0.074,-0.047,0.94
1000,"b1","Conative","It36_b1",-1.296,200,-1.308,-0.013,0.01,0.087,0.088,0.083,-0.046,0.955
1000,"b2","Cognitive","It1_b2",0.075,200,0.075,0.001,NA,0.061,0.061,0.063,0.039,0.97
1000,"b2","Cognitive","It2_b2",0.009,200,0.006,-0.002,NA,0.064,0.064,0.062,-0.024,0.96
1000,"b2","Cognitive","It3_b2",0.105,200,0.109,0.004,NA,0.057,0.057,0.062,0.072,0.98
1000,"b2","Cognitive","It4_b2",0.108,200,0.11,0.001,NA,0.063,0.063,0.06,-0.04,0.93
1000,"b2","Cognitive","It5_b2",-0.032,200,-0.031,0.001,NA,0.052,0.052,0.059,0.134,0.985
1000,"b2","Cognitive","It6_b2",-0.064,200,-0.058,0.005,NA,0.052,0.053,0.058,0.109,0.96
1000,"b2","Cognitive","It7_b2",0.007,200,0.006,-0.001,NA,0.058,0.057,0.057,-0.009,0.95
1000,"b2","Cognitive","It8_b2",0.087,200,0.088,0.001,NA,0.055,0.055,0.056,0.025,0.945
1000,"b2","Cognitive","It9_b2",-0.085,200,-0.081,0.004,NA,0.057,0.057,0.056,-0.022,0.955
1000,"b2","Cognitive","It10_b2",-0.038,200,-0.041,-0.002,NA,0.056,0.056,0.055,-0.021,0.95
1000,"b2","Cognitive","It11_b2",-0.163,200,-0.16,0.002,NA,0.053,0.053,0.055,0.021,0.97
1000,"b2","Cognitive","It12_b2",0.114,200,0.111,-0.003,NA,0.053,0.053,0.054,0.017,0.96
1000,"b2","Affective","It13_b2",0.125,200,0.133,0.008,NA,0.085,0.085,0.083,-0.02,0.96
1000,"b2","Affective","It14_b2",-0.078,200,-0.08,-0.002,NA,0.081,0.08,0.079,-0.018,0.945
1000,"b2","Affective","It15_b2",0.039,200,0.031,-0.007,NA,0.075,0.075,0.076,0.009,0.95
1000,"b2","Affective","It16_b2",0.09,200,0.098,0.008,NA,0.075,0.075,0.073,-0.023,0.935
1000,"b2","Affective","It17_b2",-0.068,200,-0.073,-0.005,NA,0.069,0.069,0.07,0.023,0.955
1000,"b2","Affective","It18_b2",0.036,200,0.038,0.002,NA,0.071,0.071,0.068,-0.046,0.955
1000,"b2","Affective","It19_b2",0.062,200,0.063,0.001,NA,0.06,0.06,0.066,0.099,0.97
1000,"b2","Affective","It20_b2",-0.124,200,-0.119,0.004,NA,0.062,0.062,0.065,0.039,0.96
1000,"b2","Affective","It21_b2",0.164,200,0.158,-0.006,NA,0.065,0.065,0.063,-0.032,0.945
1000,"b2","Affective","It22_b2",-0.068,200,-0.073,-0.005,NA,0.06,0.06,0.062,0.031,0.955
1000,"b2","Affective","It23_b2",0.08,200,0.078,-0.002,NA,0.062,0.062,0.06,-0.034,0.95
1000,"b2","Affective","It24_b2",0.002,200,0.004,0.003,NA,0.058,0.058,0.059,0.019,0.95
1000,"b2","Conative","It25_b2",0.028,200,0.027,-0.001,NA,0.064,0.064,0.071,0.101,0.965
1000,"b2","Conative","It26_b2",-0.033,200,-0.037,-0.004,NA,0.069,0.069,0.069,-0.004,0.935
1000,"b2","Conative","It27_b2",-0.119,200,-0.128,-0.009,NA,0.065,0.065,0.067,0.036,0.96
1000,"b2","Conative","It28_b2",0.005,200,-0.005,-0.01,NA,0.063,0.063,0.065,0.034,0.965
1000,"b2","Conative","It29_b2",0.093,200,0.085,-0.008,NA,0.067,0.067,0.064,-0.042,0.94
1000,"b2","Conative","It30_b2",0.195,200,0.19,-0.005,NA,0.058,0.058,0.063,0.077,0.97
1000,"b2","Conative","It31_b2",0.022,200,0.021,-0.001,NA,0.061,0.061,0.06,-0.008,0.94
1000,"b2","Conative","It32_b2",0.005,200,0,-0.005,NA,0.057,0.057,0.059,0.034,0.97
1000,"b2","Conative","It33_b2",0.162,200,0.158,-0.004,NA,0.059,0.059,0.058,-0.009,0.94
1000,"b2","Conative","It34_b2",0.111,200,0.111,0,NA,0.054,0.054,0.057,0.058,0.965
1000,"b2","Conative","It35_b2",0.007,200,-0.001,-0.007,NA,0.056,0.057,0.056,-0.011,0.96
1000,"b2","Conative","It36_b2",0.109,200,0.106,-0.004,NA,0.056,0.056,0.055,-0.012,0.955
1000,"b3","Cognitive","It1_b3",0.974,200,0.978,0.004,0.004,0.081,0.081,0.084,0.035,0.965
1000,"b3","Cognitive","It2_b3",1.19,200,1.188,-0.002,-0.002,0.088,0.088,0.09,0.024,0.955
1000,"b3","Cognitive","It3_b3",0.987,200,0.989,0.003,0.003,0.085,0.085,0.081,-0.042,0.925
1000,"b3","Cognitive","It4_b3",1.135,200,1.145,0.01,0.009,0.09,0.09,0.085,-0.055,0.94
1000,"b3","Cognitive","It5_b3",0.944,200,0.95,0.006,0.006,0.079,0.079,0.077,-0.025,0.96
1000,"b3","Cognitive","It6_b3",1.182,200,1.183,0.001,0.001,0.078,0.078,0.083,0.069,0.965
1000,"b3","Cognitive","It7_b3",1.093,200,1.098,0.005,0.005,0.083,0.083,0.079,-0.052,0.95
1000,"b3","Cognitive","It8_b3",1.126,200,1.132,0.006,0.005,0.079,0.079,0.079,-0.003,0.955
1000,"b3","Cognitive","It9_b3",0.931,200,0.935,0.004,0.005,0.069,0.069,0.072,0.033,0.95
1000,"b3","Cognitive","It10_b3",1.005,200,1.015,0.01,0.01,0.077,0.078,0.073,-0.057,0.95
1000,"b3","Cognitive","It11_b3",1.193,200,1.2,0.007,0.006,0.077,0.077,0.077,0,0.97
1000,"b3","Cognitive","It12_b3",1.19,200,1.196,0.006,0.005,0.073,0.073,0.076,0.049,0.98
1000,"b3","Affective","It13_b3",1.095,200,1.108,0.013,0.012,0.126,0.126,0.12,-0.045,0.945
1000,"b3","Affective","It14_b3",0.966,200,0.975,0.009,0.009,0.108,0.108,0.108,-0.004,0.955
1000,"b3","Affective","It15_b3",1.067,200,1.07,0.002,0.002,0.101,0.101,0.107,0.061,0.97
1000,"b3","Affective","It16_b3",1.09,200,1.11,0.02,0.018,0.115,0.116,0.105,-0.086,0.95
1000,"b3","Affective","It17_b3",1.336,200,1.333,-0.003,-0.002,0.111,0.111,0.111,0.003,0.945
1000,"b3","Affective","It18_b3",1.175,200,1.177,0.002,0.002,0.094,0.094,0.1,0.059,0.96
1000,"b3","Affective","It19_b3",0.958,200,0.959,0.001,0.001,0.086,0.086,0.089,0.03,0.965
1000,"b3","Affective","It20_b3",1.041,200,1.044,0.003,0.003,0.089,0.088,0.089,0.008,0.94
1000,"b3","Affective","It21_b3",1.089,200,1.087,-0.002,-0.002,0.085,0.085,0.087,0.028,0.95
1000,"b3","Affective","It22_b3",1.007,200,1.014,0.007,0.007,0.088,0.088,0.084,-0.054,0.955
1000,"b3","Affective","It23_b3",1.074,200,1.074,0,0,0.084,0.084,0.083,-0.01,0.935
1000,"b3","Affective","It24_b3",1.2,200,1.204,0.004,0.003,0.085,0.085,0.086,0.01,0.97
1000,"b3","Conative","It25_b3",1.266,200,1.259,-0.007,-0.005,0.098,0.098,0.108,0.094,0.975
1000,"b3","Conative","It26_b3",1.032,200,1.035,0.003,0.003,0.098,0.098,0.095,-0.035,0.945
1000,"b3","Conative","It27_b3",1.231,200,1.223,-0.008,-0.007,0.097,0.097,0.099,0.024,0.955
1000,"b3","Conative","It28_b3",1.144,200,1.145,0.002,0.001,0.099,0.099,0.093,-0.061,0.915
1000,"b3","Conative","It29_b3",1.069,200,1.075,0.006,0.006,0.097,0.097,0.089,-0.086,0.925
1000,"b3","Conative","It30_b3",1.119,200,1.118,-0.002,-0.002,0.085,0.085,0.087,0.026,0.965
1000,"b3","Conative","It31_b3",1.098,200,1.099,0.001,0.001,0.082,0.082,0.084,0.025,0.955
1000,"b3","Conative","It32_b3",1.16,200,1.154,-0.006,-0.005,0.088,0.088,0.084,-0.053,0.915
1000,"b3","Conative","It33_b3",1.165,200,1.166,0.001,0.001,0.078,0.078,0.083,0.06,0.97
1000,"b3","Conative","It34_b3",1.051,200,1.052,0.001,0,0.072,0.072,0.077,0.063,0.95
1000,"b3","Conative","It35_b3",1.052,200,1.044,-0.008,-0.007,0.071,0.071,0.075,0.064,0.97
1000,"b3","Conative","It36_b3",1.205,200,1.204,-0.001,0,0.084,0.084,0.08,-0.049,0.925
300,"Phi","Cognitive-Affective","r(Cog,Aff)",0.4,200,0.402,0.002,0.005,0.059,0.059,0.057,-0.023,0.925
300,"Phi","Cognitive-Conative","r(Cog,Con)",0.35,200,0.352,0.002,0.006,0.063,0.062,0.058,-0.07,0.92
300,"Phi","Affective-Conative","r(Aff,Con)",0.48,200,0.487,0.007,0.016,0.056,0.056,0.054,-0.036,0.94
300,"a","Cognitive","It1_a",1.3,200,1.315,0.015,0.011,0.149,0.149,0.163,0.091,0.98
300,"a","Cognitive","It2_a",1.345,200,1.363,0.017,0.013,0.161,0.162,0.164,0.021,0.955
300,"a","Cognitive","It3_a",1.391,200,1.413,0.022,0.016,0.169,0.17,0.17,0.003,0.98
300,"a","Cognitive","It4_a",1.436,200,1.456,0.02,0.014,0.186,0.186,0.171,-0.077,0.94
300,"a","Cognitive","It5_a",1.482,200,1.498,0.016,0.011,0.175,0.175,0.176,0.003,0.96
300,"a","Cognitive","It6_a",1.527,200,1.538,0.011,0.007,0.18,0.18,0.177,-0.014,0.97
300,"a","Cognitive","It7_a",1.573,200,1.608,0.036,0.023,0.198,0.2,0.183,-0.074,0.945
300,"a","Cognitive","It8_a",1.618,200,1.648,0.03,0.019,0.195,0.197,0.187,-0.044,0.94
300,"a","Cognitive","It9_a",1.664,200,1.699,0.036,0.022,0.195,0.198,0.191,-0.021,0.955
300,"a","Cognitive","It10_a",1.709,200,1.727,0.018,0.01,0.179,0.18,0.194,0.084,0.97
300,"a","Cognitive","It11_a",1.755,200,1.795,0.041,0.023,0.174,0.179,0.199,0.139,0.97
300,"a","Cognitive","It12_a",1.8,200,1.834,0.034,0.019,0.213,0.215,0.202,-0.051,0.935
300,"a","Affective","It13_a",0.9,200,0.926,0.026,0.029,0.14,0.142,0.147,0.047,0.965
300,"a","Affective","It14_a",0.955,200,0.98,0.025,0.026,0.151,0.153,0.15,-0.01,0.96
300,"a","Affective","It15_a",1.009,200,1.027,0.018,0.018,0.156,0.157,0.151,-0.035,0.93
300,"a","Affective","It16_a",1.064,200,1.082,0.018,0.017,0.171,0.172,0.155,-0.096,0.91
300,"a","Affective","It17_a",1.118,200,1.124,0.006,0.005,0.161,0.161,0.157,-0.023,0.945
300,"a","Affective","It18_a",1.173,200,1.195,0.022,0.019,0.154,0.155,0.162,0.053,0.985
300,"a","Affective","It19_a",1.227,200,1.25,0.022,0.018,0.171,0.172,0.168,-0.022,0.94
300,"a","Affective","It20_a",1.282,200,1.289,0.007,0.006,0.161,0.161,0.17,0.051,0.97
300,"a","Affective","It21_a",1.336,200,1.332,-0.004,-0.003,0.169,0.169,0.173,0.025,0.975
300,"a","Affective","It22_a",1.391,200,1.412,0.021,0.015,0.168,0.169,0.181,0.08,0.955
300,"a","Affective","It23_a",1.445,200,1.449,0.003,0.002,0.195,0.195,0.182,-0.066,0.935
300,"a","Affective","It24_a",1.5,200,1.519,0.019,0.013,0.187,0.188,0.188,0.004,0.93
300,"a","Conative","It25_a",1.1,200,1.108,0.008,0.007,0.142,0.142,0.152,0.066,0.965
300,"a","Conative","It26_a",1.155,200,1.164,0.01,0.008,0.157,0.157,0.155,-0.01,0.955
300,"a","Conative","It27_a",1.209,200,1.219,0.01,0.008,0.15,0.15,0.158,0.055,0.97
300,"a","Conative","It28_a",1.264,200,1.282,0.018,0.015,0.174,0.175,0.163,-0.067,0.955
300,"a","Conative","It29_a",1.318,200,1.319,0,0,0.162,0.162,0.166,0.024,0.96
300,"a","Conative","It30_a",1.373,200,1.397,0.024,0.017,0.17,0.171,0.171,0.008,0.965
300,"a","Conative","It31_a",1.427,200,1.44,0.013,0.009,0.174,0.174,0.175,0.004,0.95
300,"a","Conative","It32_a",1.482,200,1.489,0.007,0.005,0.187,0.187,0.177,-0.054,0.955
300,"a","Conative","It33_a",1.536,200,1.558,0.021,0.014,0.199,0.2,0.183,-0.078,0.915
300,"a","Conative","It34_a",1.591,200,1.628,0.037,0.023,0.216,0.218,0.191,-0.116,0.94
300,"a","Conative","It35_a",1.645,200,1.659,0.014,0.008,0.208,0.208,0.194,-0.069,0.94
300,"a","Conative","It36_a",1.7,200,1.722,0.022,0.013,0.182,0.183,0.197,0.08,0.975
300,"b1","Cognitive","It1_b1",-1.235,200,-1.228,0.007,-0.006,0.163,0.163,0.173,0.058,0.955
300,"b1","Cognitive","It2_b1",-1.227,200,-1.216,0.01,-0.008,0.171,0.171,0.167,-0.02,0.95
300,"b1","Cognitive","It3_b1",-1.154,200,-1.154,0.001,-0.001,0.162,0.161,0.16,-0.014,0.935
300,"b1","Cognitive","It4_b1",-1.319,200,-1.325,-0.006,0.004,0.176,0.176,0.169,-0.041,0.95
300,"b1","Cognitive","It5_b1",-1.155,200,-1.149,0.006,-0.005,0.142,0.142,0.153,0.08,0.97
300,"b1","Cognitive","It6_b1",-1.233,200,-1.222,0.011,-0.009,0.161,0.161,0.156,-0.031,0.94
300,"b1","Cognitive","It7_b1",-1.295,200,-1.297,-0.001,0.001,0.163,0.162,0.157,-0.036,0.93
300,"b1","Cognitive","It8_b1",-1.076,200,-1.058,0.018,-0.017,0.139,0.14,0.139,0.004,0.96
300,"b1","Cognitive","It9_b1",-1.325,200,-1.321,0.004,-0.003,0.161,0.161,0.154,-0.046,0.96
300,"b1","Cognitive","It10_b1",-1.022,200,-1.012,0.01,-0.01,0.144,0.144,0.133,-0.077,0.92
300,"b1","Cognitive","It11_b1",-1.151,200,-1.131,0.019,-0.017,0.132,0.133,0.137,0.035,0.94
300,"b1","Cognitive","It12_b1",-1.163,200,-1.142,0.022,-0.019,0.135,0.136,0.136,0.009,0.945
300,"b1","Affective","It13_b1",-1.097,200,-1.086,0.012,-0.011,0.208,0.207,0.216,0.042,0.955
300,"b1","Affective","It14_b1",-1.209,200,-1.205,0.004,-0.003,0.218,0.218,0.219,0.004,0.94
300,"b1","Affective","It15_b1",-1.419,200,-1.43,-0.011,0.008,0.235,0.235,0.233,-0.008,0.96
300,"b1","Affective","It16_b1",-1.351,200,-1.351,0,0,0.226,0.225,0.217,-0.041,0.935
300,"b1","Affective","It17_b1",-1.108,200,-1.118,-0.01,0.009,0.178,0.178,0.188,0.056,0.95
300,"b1","Affective","It18_b1",-1.172,200,-1.178,-0.006,0.005,0.184,0.183,0.184,0.002,0.96
300,"b1","Affective","It19_b1",-1.216,200,-1.225,-0.009,0.007,0.198,0.198,0.183,-0.076,0.925
300,"b1","Affective","It20_b1",-1.224,200,-1.236,-0.012,0.009,0.17,0.17,0.179,0.051,0.97
300,"b1","Affective","It21_b1",-1.247,200,-1.257,-0.01,0.008,0.172,0.172,0.177,0.028,0.955
300,"b1","Affective","It22_b1",-1.061,200,-1.052,0.009,-0.009,0.15,0.149,0.155,0.039,0.955
300,"b1","Affective","It23_b1",-1.326,200,-1.341,-0.015,0.011,0.191,0.192,0.174,-0.089,0.955
300,"b1","Affective","It24_b1",-1.194,200,-1.197,-0.003,0.003,0.163,0.163,0.158,-0.031,0.935
300,"b1","Conative","It25_b1",-1.018,200,-1.024,-0.006,0.006,0.189,0.189,0.18,-0.046,0.945
300,"b1","Conative","It26_b1",-1.188,200,-1.204,-0.016,0.013,0.185,0.185,0.188,0.02,0.97
300,"b1","Conative","It27_b1",-1.113,200,-1.111,0.002,-0.002,0.18,0.179,0.174,-0.031,0.97
300,"b1","Conative","It28_b1",-1.2,200,-1.193,0.007,-0.006,0.179,0.179,0.175,-0.024,0.935
300,"b1","Conative","It29_b1",-1.153,200,-1.166,-0.013,0.011,0.188,0.188,0.169,-0.097,0.92
300,"b1","Conative","It30_b1",-1.189,200,-1.187,0.002,-0.002,0.157,0.157,0.164,0.045,0.955
300,"b1","Conative","It31_b1",-1.111,200,-1.116,-0.004,0.004,0.155,0.155,0.156,0.005,0.955
300,"b1","Conative","It32_b1",-1.253,200,-1.258,-0.004,0.003,0.193,0.193,0.163,-0.156,0.895
300,"b1","Conative","It33_b1",-1.312,200,-1.322,-0.01,0.008,0.178,0.178,0.163,-0.083,0.93
300,"b1","Conative","It34_b1",-1.174,200,-1.164,0.01,-0.008,0.152,0.151,0.148,-0.022,0.955
300,"b1","Conative","It35_b1",-0.987,200,-0.994,-0.008,0.008,0.146,0.146,0.136,-0.066,0.95
300,"b1","Conative","It36_b1",-1.296,200,-1.288,0.008,-0.006,0.159,0.158,0.151,-0.049,0.93
300,"b2","Cognitive","It1_b2",0.075,200,0.086,0.011,NA,0.12,0.12,0.117,-0.021,0.92
300,"b2","Cognitive","It2_b2",0.009,200,0.027,0.018,NA,0.114,0.115,0.114,0.004,0.95
300,"b2","Cognitive","It3_b2",0.105,200,0.105,0,NA,0.111,0.111,0.112,0.008,0.955
300,"b2","Cognitive","It4_b2",0.108,200,0.116,0.007,NA,0.109,0.109,0.111,0.014,0.97
300,"b2","Cognitive","It5_b2",-0.032,200,-0.019,0.013,NA,0.107,0.107,0.108,0.014,0.955
300,"b2","Cognitive","It6_b2",-0.064,200,-0.049,0.015,NA,0.115,0.116,0.107,-0.072,0.94
300,"b2","Cognitive","It7_b2",0.007,200,0.007,0,NA,0.101,0.101,0.104,0.032,0.95
300,"b2","Cognitive","It8_b2",0.087,200,0.107,0.02,NA,0.121,0.122,0.103,-0.142,0.9
300,"b2","Cognitive","It9_b2",-0.085,200,-0.085,0,NA,0.108,0.107,0.102,-0.057,0.945
300,"b2","Cognitive","It10_b2",-0.038,200,-0.023,0.015,NA,0.108,0.108,0.1,-0.068,0.915
300,"b2","Cognitive","It11_b2",-0.163,200,-0.152,0.01,NA,0.096,0.096,0.099,0.036,0.955
300,"b2","Cognitive","It12_b2",0.114,200,0.125,0.011,NA,0.103,0.103,0.098,-0.044,0.94
300,"b2","Affective","It13_b2",0.125,200,0.13,0.005,NA,0.164,0.163,0.152,-0.073,0.945
300,"b2","Affective","It14_b2",-0.078,200,-0.082,-0.004,NA,0.148,0.148,0.144,-0.026,0.935
300,"b2","Affective","It15_b2",0.039,200,0.052,0.013,NA,0.142,0.143,0.139,-0.022,0.955
300,"b2","Affective","It16_b2",0.09,200,0.111,0.021,NA,0.141,0.142,0.135,-0.043,0.95
300,"b2","Affective","It17_b2",-0.068,200,-0.071,-0.003,NA,0.127,0.127,0.13,0.025,0.96
300,"b2","Affective","It18_b2",0.036,200,0.035,-0.001,NA,0.12,0.119,0.125,0.042,0.96
300,"b2","Affective","It19_b2",0.062,200,0.069,0.008,NA,0.124,0.123,0.122,-0.016,0.955
300,"b2","Affective","It20_b2",-0.124,200,-0.133,-0.01,NA,0.124,0.124,0.119,-0.036,0.945
300,"b2","Affective","It21_b2",0.164,200,0.179,0.015,NA,0.126,0.126,0.118,-0.062,0.95
300,"b2","Affective","It22_b2",-0.068,200,-0.064,0.004,NA,0.114,0.114,0.112,-0.014,0.95
300,"b2","Affective","It23_b2",0.08,200,0.087,0.007,NA,0.119,0.119,0.111,-0.067,0.95
300,"b2","Affective","It24_b2",0.002,200,0.014,0.013,NA,0.106,0.107,0.108,0.014,0.955
300,"b2","Conative","It25_b2",0.028,200,0.038,0.01,NA,0.143,0.143,0.131,-0.079,0.935
300,"b2","Conative","It26_b2",-0.033,200,-0.027,0.006,NA,0.125,0.125,0.127,0.015,0.955
300,"b2","Conative","It27_b2",-0.119,200,-0.105,0.014,NA,0.123,0.123,0.123,0.005,0.94
300,"b2","Conative","It28_b2",0.005,200,0.01,0.004,NA,0.126,0.126,0.119,-0.054,0.925
300,"b2","Conative","It29_b2",0.093,200,0.113,0.02,NA,0.121,0.122,0.117,-0.03,0.94
300,"b2","Conative","It30_b2",0.195,200,0.193,-0.002,NA,0.109,0.109,0.114,0.047,0.96
300,"b2","Conative","It31_b2",0.022,200,0.016,-0.005,NA,0.11,0.109,0.111,0.012,0.945
300,"b2","Conative","It32_b2",0.005,200,0.014,0.009,NA,0.118,0.118,0.109,-0.074,0.95
300,"b2","Conative","It33_b2",0.162,200,0.171,0.01,NA,0.11,0.11,0.107,-0.026,0.955
300,"b2","Conative","It34_b2",0.111,200,0.128,0.018,NA,0.102,0.103,0.104,0.023,0.97
300,"b2","Conative","It35_b2",0.007,200,0.014,0.007,NA,0.101,0.101,0.103,0.012,0.96
300,"b2","Conative","It36_b2",0.109,200,0.109,-0.001,NA,0.099,0.098,0.101,0.024,0.96
300,"b3","Cognitive","It1_b3",0.974,200,0.98,0.006,0.006,0.155,0.155,0.155,-0.001,0.95
300,"b3","Cognitive","It2_b3",1.19,200,1.209,0.019,0.016,0.162,0.162,0.167,0.034,0.96
300,"b3","Cognitive","It3_b3",0.987,200,0.987,0.001,0.001,0.141,0.141,0.149,0.052,0.98
300,"b3","Cognitive","It4_b3",1.135,200,1.152,0.017,0.015,0.155,0.155,0.157,0.013,0.975
300,"b3","Cognitive","It5_b3",0.944,200,0.961,0.017,0.018,0.149,0.15,0.142,-0.051,0.93
300,"b3","Cognitive","It6_b3",1.182,200,1.194,0.012,0.01,0.163,0.163,0.154,-0.056,0.94
300,"b3","Cognitive","It7_b3",1.093,200,1.091,-0.002,-0.002,0.148,0.148,0.143,-0.03,0.935
300,"b3","Cognitive","It8_b3",1.126,200,1.152,0.026,0.023,0.163,0.165,0.145,-0.108,0.93
300,"b3","Cognitive","It9_b3",0.931,200,0.934,0.003,0.003,0.13,0.13,0.13,-0.003,0.95
300,"b3","Cognitive","It10_b3",1.005,200,1.02,0.015,0.015,0.147,0.147,0.134,-0.09,0.93
300,"b3","Cognitive","It11_b3",1.193,200,1.207,0.014,0.011,0.133,0.133,0.141,0.062,0.965
300,"b3","Cognitive","It12_b3",1.19,200,1.201,0.011,0.009,0.14,0.14,0.14,-0.002,0.94
300,"b3","Affective","It13_b3",1.095,200,1.099,0.004,0.004,0.237,0.236,0.219,-0.075,0.94
300,"b3","Affective","It14_b3",0.966,200,0.955,-0.011,-0.012,0.199,0.199,0.195,-0.02,0.925
300,"b3","Affective","It15_b3",1.067,200,1.097,0.03,0.028,0.232,0.233,0.201,-0.132,0.925
300,"b3","Affective","It16_b3",1.09,200,1.111,0.021,0.019,0.219,0.22,0.195,-0.111,0.93
300,"b3","Affective","It17_b3",1.336,200,1.365,0.029,0.022,0.202,0.204,0.21,0.041,0.965
300,"b3","Affective","It18_b3",1.175,200,1.19,0.015,0.013,0.185,0.186,0.185,0,0.935
300,"b3","Affective","It19_b3",0.958,200,0.978,0.02,0.02,0.151,0.152,0.164,0.084,0.96
300,"b3","Affective","It20_b3",1.041,200,1.066,0.025,0.024,0.171,0.172,0.166,-0.027,0.97
300,"b3","Affective","It21_b3",1.089,200,1.108,0.019,0.017,0.168,0.168,0.165,-0.014,0.945
300,"b3","Affective","It22_b3",1.007,200,1.013,0.006,0.006,0.156,0.156,0.153,-0.022,0.94
300,"b3","Affective","It23_b3",1.074,200,1.096,0.022,0.021,0.154,0.155,0.156,0.014,0.95
300,"b3","Affective","It24_b3",1.2,200,1.211,0.011,0.009,0.164,0.164,0.159,-0.032,0.97
300,"b3","Conative","It25_b3",1.266,200,1.298,0.032,0.026,0.2,0.202,0.204,0.016,0.95
300,"b3","Conative","It26_b3",1.032,200,1.054,0.022,0.022,0.183,0.184,0.176,-0.036,0.945
300,"b3","Conative","It27_b3",1.231,200,1.239,0.008,0.006,0.182,0.181,0.184,0.014,0.95
300,"b3","Conative","It28_b3",1.144,200,1.152,0.009,0.007,0.187,0.187,0.172,-0.082,0.945
300,"b3","Conative","It29_b3",1.069,200,1.112,0.043,0.04,0.169,0.174,0.165,-0.023,0.945
300,"b3","Conative","It30_b3",1.119,200,1.125,0.006,0.005,0.147,0.147,0.16,0.085,0.965
300,"b3","Conative","It31_b3",1.098,200,1.108,0.01,0.009,0.154,0.154,0.156,0.012,0.96
300,"b3","Conative","It32_b3",1.16,200,1.178,0.018,0.015,0.154,0.155,0.157,0.016,0.96
300,"b3","Conative","It33_b3",1.165,200,1.189,0.024,0.02,0.15,0.152,0.153,0.021,0.955
300,"b3","Conative","It34_b3",1.051,200,1.067,0.015,0.015,0.148,0.149,0.142,-0.042,0.96
300,"b3","Conative","It35_b3",1.052,200,1.066,0.014,0.013,0.144,0.144,0.141,-0.021,0.95
300,"b3","Conative","It36_b3",1.205,200,1.217,0.012,0.01,0.136,0.136,0.146,0.074,0.97
